original	language_count	multilingual	languages	language_primary	Count
fin	 1	FALSE	Finnish	Finnish	777658
eng	 1	FALSE	English	English	128663
swe	 1	FALSE	Swedish	Swedish	110294
	 0	FALSE	Undetermined	Undetermined	 49548
fin;swe	 2	TRUE	Finnish;Swedish	Finnish	 27330
ger	 1	FALSE	German	German	 13953
fin;eng	 2	TRUE	Finnish;English	Finnish	 12243
lat	 1	FALSE	Latin	Latin	  9954
fin;swe;eng	 3	TRUE	Finnish;Swedish;English	Finnish	  6972
rus	 1	FALSE	Russian	Russian	  4884
mul	 1	FALSE	Multiple languages	Multiple languages	  4360
fre	 1	FALSE	French	French	  3599
eng;fin	 2	TRUE	English;Finnish	English	  3000
swe;fin	 2	TRUE	Swedish;Finnish	Swedish	  2454
fin;ger	 2	TRUE	Finnish;German	Finnish	  1762
est	 1	FALSE	Estonian	Estonian	  1543
dan	 1	FALSE	Danish	Danish	  1483
nor	 1	FALSE	Norwegian	Norwegian	  1237
ger;fin	 2	TRUE	German;Finnish	German	  1164
fin;swe;eng;ger	 4	TRUE	Finnish;Swedish;English;German	Finnish	  1125
und	 0	FALSE	Undetermined	Undetermined	   952
spa	 1	FALSE	Spanish	Spanish	   866
fin;rus	 2	TRUE	Finnish;Russian	Finnish	   855
ita	 1	FALSE	Italian	Italian	   738
lat;swe	 2	TRUE	Latin;Swedish	Latin	   647
hun	 1	FALSE	Hungarian	Hungarian	   620
fin;fre	 2	TRUE	Finnish;French	Finnish	   570
rus;fin	 2	TRUE	Russian;Finnish	Russian	   532
swe;eng	 2	TRUE	Swedish;English	Swedish	   516
smi	 1	FALSE	Sami	Sami	   479
fre;fin	 2	TRUE	French;Finnish	French	   475
dut	 1	FALSE	Dutch	Dutch	   455
fin;lat	 2	TRUE	Finnish;Latin	Finnish	   418
eng;ger	 2	TRUE	English;German	English	   408
swe;dan;nor	 3	TRUE	Swedish;Danish;Norwegian	Swedish	   397
pol	 1	FALSE	Polish	Polish	   369
swe;lat	 2	TRUE	Swedish;Latin	Swedish	   366
jpn	 1	FALSE	Japanese	Japanese	   338
cze	 1	FALSE	Czech	Czech	   327
spa;fin	 2	TRUE	Spanish;Finnish	Spanish	   299
krl	 1	FALSE	Karelian	Karelian	   297
lat;grc	 2	TRUE	Latin;Greek, Ancient (to 1453)	Latin	   285
fin;eng;ger	 3	TRUE	Finnish;English;German	Finnish	   280
eng;swe	 2	TRUE	English;Swedish	English	   269
fin;swe;eng;ger;rus	 5	TRUE	Finnish;Swedish;English;German;Russian	Finnish	   251
fin;est	 2	TRUE	Finnish;Estonian	Finnish	   226
lav	 1	FALSE	Latvian	Latvian	   208
afa	 1	FALSE	Afroasiatic (Other)	Afroasiatic (Other)	   193
eng;fre	 2	TRUE	English;French	English	   193
fin;eng;rus	 3	TRUE	Finnish;English;Russian	Finnish	   190
fin;ita	 2	TRUE	Finnish;Italian	Finnish	   187
fin;swe;mul	 3	TRUE	Finnish;Swedish;Multiple languages	Finnish	   176
fiu	 1	FALSE	Finno-Ugrian (Other)	Finno-Ugrian (Other)	   169
fin;spa	 2	TRUE	Finnish;Spanish	Finnish	   163
lit	 1	FALSE	Lithuanian	Lithuanian	   161
fin;swe;ger	 3	TRUE	Finnish;Swedish;German	Finnish	   153
lat;fre	 2	TRUE	Latin;French	Latin	   152
fin;eng;swe	 3	TRUE	Finnish;English;Swedish	Finnish	   151
lat;fin	 2	TRUE	Latin;Finnish	Latin	   149
ger;swe	 2	TRUE	German;Swedish	German	   149
epo	 1	FALSE	Esperanto	Esperanto	   143
eng;rus	 2	TRUE	English;Russian	English	   143
swe;ger	 2	TRUE	Swedish;German	Swedish	   142
ice	 1	FALSE	Icelandic	Icelandic	   133
smi;sme	 2	TRUE	Sami;Northern Sami	Sami	   129
fin;smi	 2	TRUE	Finnish;Sami	Finnish	   127
fin;swe;eng;ger;fre	 5	TRUE	Finnish;Swedish;English;German;French	Finnish	   123
por	 1	FALSE	Portuguese	Portuguese	   119
fin;swe;fre	 3	TRUE	Finnish;Swedish;French	Finnish	   116
fin;eng;fre	 3	TRUE	Finnish;English;French	Finnish	   115
sme	 1	FALSE	Northern Sami	Northern Sami	   113
dan;nor;swe	 3	TRUE	Danish;Norwegian;Swedish	Danish	   112
eng;ger;fre	 3	TRUE	English;German;French	English	   111
ita;fin	 2	TRUE	Italian;Finnish	Italian	   108
swe;fre	 2	TRUE	Swedish;French	Swedish	   108
chi	 1	FALSE	Chinese	Chinese	   107
bul	 1	FALSE	Bulgarian	Bulgarian	   100
fin;hun	 2	TRUE	Finnish;Hungarian	Finnish	    95
tur	 1	FALSE	Turkish	Turkish	    93
fin;nor	 2	TRUE	Finnish;Norwegian	Finnish	    91
slv	 1	FALSE	Slovenian	Slovenian	    86
swe;rus	 2	TRUE	Swedish;Russian	Swedish	    85
swe;fin;eng	 3	TRUE	Swedish;Finnish;English	Swedish	    81
fin;swe;rus	 3	TRUE	Finnish;Swedish;Russian	Finnish	    80
rum	 1	FALSE	Romanian	Romanian	    79
lat;ger	 2	TRUE	Latin;German	Latin	    78
ger;eng	 2	TRUE	German;English	German	    76
swe;nor	 2	TRUE	Swedish;Norwegian	Swedish	    76
slo	 1	FALSE	Slovak	Slovak	    74
fin;swe;lat	 3	TRUE	Finnish;Swedish;Latin	Finnish	    72
swe;nor;dan	 3	TRUE	Swedish;Norwegian;Danish	Swedish	    71
est;fin	 2	TRUE	Estonian;Finnish	Estonian	    71
fin;swe;dan;nor	 4	TRUE	Finnish;Swedish;Danish;Norwegian	Finnish	    65
swe;dan	 2	TRUE	Swedish;Danish	Swedish	    65
lat;grc;swe	 3	TRUE	Latin;Greek, Ancient (to 1453);Swedish	Latin	    64
fre;eng	 2	TRUE	French;English	French	    63
fin;jpn	 2	TRUE	Finnish;Japanese	Finnish	    63
fin;epo	 2	TRUE	Finnish;Esperanto	Finnish	    62
fin;swe;eng;rus	 4	TRUE	Finnish;Swedish;English;Russian	Finnish	    61
ukr	 1	FALSE	Ukrainian	Ukrainian	    56
tat	 1	FALSE	Tatar	Tatar	    55
smi;smn	 2	TRUE	Sami;Inari Sami	Sami	    54
hrv	 1	FALSE	Croatian	Croatian	    52
fin;ara	 2	TRUE	Finnish;Arabic	Finnish	    52
ndo	 1	FALSE	Ndonga	Ndonga	    51
gre	 1	FALSE	Greek, Modern (1453-)	Greek, Modern (1453-)	    51
fin;swe;eng;ger;fre;rus	 6	TRUE	Finnish;Swedish;English;German;French;Russian	Finnish	    51
fin;swe;eng;fre	 4	TRUE	Finnish;Swedish;English;French	Finnish	    50
eng;fre;ger	 3	TRUE	English;French;German	English	    50
heb	 1	FALSE	Hebrew	Hebrew	    49
fre;swe	 2	TRUE	French;Swedish	French	    48
fin;fiu	 2	TRUE	Finnish;Finno-Ugrian (Other)	Finnish	    47
eng;fin;swe	 3	TRUE	English;Finnish;Swedish	English	    47
ara	 1	FALSE	Arabic	Arabic	    46
fin;fin	 1	FALSE	Finnish	Finnish	    45
hun;fin	 2	TRUE	Hungarian;Finnish	Hungarian	    44
fin;chi	 2	TRUE	Finnish;Chinese	Finnish	    44
rus;eng	 2	TRUE	Russian;English	Russian	    43
fin;swe;eng;fre;ger;rus	 6	TRUE	Finnish;Swedish;English;French;German;Russian	Finnish	    42
swe;eng;ger	 3	TRUE	Swedish;English;German	Swedish	    41
som	 1	FALSE	Somali	Somali	    41
lat;swe;grc	 3	TRUE	Latin;Swedish;Greek, Ancient (to 1453)	Latin	    40
alb	 1	FALSE	Albanian	Albanian	    39
eng;chi	 2	TRUE	English;Chinese	English	    39
fin;krl	 2	TRUE	Finnish;Karelian	Finnish	    39
fin;gre	 2	TRUE	Finnish;Greek, Modern (1453-)	Finnish	    39
rus;swe	 2	TRUE	Russian;Swedish	Russian	    38
afr	 1	FALSE	Afrikaans	Afrikaans	    37
swe;dan;nor;eng	 4	TRUE	Swedish;Danish;Norwegian;English	Swedish	    37
dan;swe	 2	TRUE	Danish;Swedish	Danish	    35
per	 1	FALSE	Persian	Persian	    35
fin;dan	 2	TRUE	Finnish;Danish	Finnish	    35
fin;eng;ger;fre	 4	TRUE	Finnish;English;German;French	Finnish	    34
fin;swe;eng;fre;ger	 5	TRUE	Finnish;Swedish;English;French;German	Finnish	    33
eng;akk	 2	TRUE	English;Akkadian	English	    33
srp	 1	FALSE	Serbian	Serbian	    32
fin;por	 2	TRUE	Finnish;Portuguese	Finnish	    32
fin;heb	 2	TRUE	Finnish;Hebrew	Finnish	    32
lat;swe;fin	 3	TRUE	Latin;Swedish;Finnish	Latin	    30
est;eng	 2	TRUE	Estonian;English	Estonian	    30
nor;swe	 2	TRUE	Norwegian;Swedish	Norwegian	    29
fin;ger;fre	 3	TRUE	Finnish;German;French	Finnish	    29
chm	 1	FALSE	Mari	Mari	    29
smi;fin	 2	TRUE	Sami;Finnish	Sami	    29
dan;swe;nor	 3	TRUE	Danish;Swedish;Norwegian	Danish	    28
ger;fre	 2	TRUE	German;French	German	    28
jpn;fin	 2	TRUE	Japanese;Finnish	Japanese	    28
lat;per	 2	TRUE	Latin;Persian	Latin	    27
fin;und	 2	TRUE	Finnish;Undetermined	Finnish	    27
fin;som	 2	TRUE	Finnish;Somali	Finnish	    27
eng;lat	 2	TRUE	English;Latin	English	    27
eng;swe;fin	 3	TRUE	English;Swedish;Finnish	English	    27
fin;mul	 2	TRUE	Finnish;Multiple languages	Finnish	    26
fin;eng;ger;rus	 4	TRUE	Finnish;English;German;Russian	Finnish	    26
por;fin	 2	TRUE	Portuguese;Finnish	Portuguese	    26
lat;swe;fre	 3	TRUE	Latin;Swedish;French	Latin	    25
ger;lat	 2	TRUE	German;Latin	German	    25
fin;swe;nor	 3	TRUE	Finnish;Swedish;Norwegian	Finnish	    25
lat;fre;swe	 3	TRUE	Latin;French;Swedish	Latin	    24
fin;per	 2	TRUE	Finnish;Persian	Finnish	    24
eng;ita	 2	TRUE	English;Italian	English	    23
fin;ger;lat	 3	TRUE	Finnish;German;Latin	Finnish	    23
fin;est;eng	 3	TRUE	Finnish;Estonian;English	Finnish	    23
swe;nor;eng	 3	TRUE	Swedish;Norwegian;English	Swedish	    23
fin;eng;est	 3	TRUE	Finnish;English;Estonian	Finnish	    23
lat;heb	 2	TRUE	Latin;Hebrew	Latin	    22
kor	 1	FALSE	Korean	Korean	    22
eng;jpn	 2	TRUE	English;Japanese	English	    22
bnt	 1	FALSE	Bantu (Other)	Bantu (Other)	    21
fin;rus;eng	 3	TRUE	Finnish;Russian;English	Finnish	    21
smi;sms	 2	TRUE	Sami;Skolt Sami	Sami	    21
epo;fin	 2	TRUE	Esperanto;Finnish	Esperanto	    20
eng;spa	 2	TRUE	English;Spanish	English	    20
lat;eng	 2	TRUE	Latin;English	Latin	    20
vie	 1	FALSE	Vietnamese	Vietnamese	    20
fin;eng;spa	 3	TRUE	Finnish;English;Spanish	Finnish	    20
fin;tur	 2	TRUE	Finnish;Turkish	Finnish	    20
fin;swe;ger;fre	 4	TRUE	Finnish;Swedish;German;French	Finnish	    20
swe;dan;eng	 3	TRUE	Swedish;Danish;English	Swedish	    19
swe;eng;ger;fre	 4	TRUE	Swedish;English;German;French	Swedish	    19
kom	 1	FALSE	Komi	Komi	    19
smn	 1	FALSE	Inari Sami	Inari Sami	    19
nor;swe;dan	 3	TRUE	Norwegian;Swedish;Danish	Norwegian	    19
grc	 1	FALSE	Greek, Ancient (to 1453)	Greek, Ancient (to 1453)	    19
fin;grc	 2	TRUE	Finnish;Greek, Ancient (to 1453)	Finnish	    19
fao	 1	FALSE	Faroese	Faroese	    19
eng;ara	 2	TRUE	English;Arabic	English	    18
fin;dut	 2	TRUE	Finnish;Dutch	Finnish	    18
pol;fin	 2	TRUE	Polish;Finnish	Polish	    18
grc;fin	 2	TRUE	Greek, Ancient (to 1453);Finnish	Greek, Ancient (to 1453)	    18
fin;pol	 2	TRUE	Finnish;Polish	Finnish	    18
grc;lat	 2	TRUE	Greek, Ancient (to 1453);Latin	Greek, Ancient (to 1453)	    17
chi;fin	 2	TRUE	Chinese;Finnish	Chinese	    17
swe;eng;fin	 3	TRUE	Swedish;English;Finnish	Swedish	    17
ger;fiu	 2	TRUE	German;Finno-Ugrian (Other)	German	    16
dan;eng	 2	TRUE	Danish;English	Danish	    16
fin;kur	 2	TRUE	Finnish;Kurdish	Finnish	    16
fin;ger;eng	 3	TRUE	Finnish;German;English	Finnish	    16
cat	 1	FALSE	Catalan	Catalan	    16
fin;eng;chi	 3	TRUE	Finnish;English;Chinese	Finnish	    16
fin;eng;mul	 3	TRUE	Finnish;English;Multiple languages	Finnish	    16
swe;eng;nor	 3	TRUE	Swedish;English;Norwegian	Swedish	    16
swa	 1	FALSE	Swahili	Swahili	    15
kur	 1	FALSE	Kurdish	Kurdish	    15
fin;swe;ger;rus	 4	TRUE	Finnish;Swedish;German;Russian	Finnish	    15
fin;eng;ita	 3	TRUE	Finnish;English;Italian	Finnish	    15
ger;eng;fre	 3	TRUE	German;English;French	German	    14
fin;swe;eng;ger;fre;spa	 6	TRUE	Finnish;Swedish;English;German;French;Spanish	Finnish	    14
fin;rum	 2	TRUE	Finnish;Romanian	Finnish	    14
fin;swe;dan	 3	TRUE	Finnish;Swedish;Danish	Finnish	    14
krl;fin	 2	TRUE	Karelian;Finnish	Karelian	    14
fin;eng;jpn	 3	TRUE	Finnish;English;Japanese	Finnish	    14
eng;ger;rus	 3	TRUE	English;German;Russian	English	    13
eng;fre;rus	 3	TRUE	English;French;Russian	English	    13
swe;swe	 1	FALSE	Swedish	Swedish	    13
fin;swe;smi	 3	TRUE	Finnish;Swedish;Sami	Finnish	    13
fin;eng;ger;swe	 4	TRUE	Finnish;English;German;Swedish	Finnish	    13
ara;fin	 2	TRUE	Arabic;Finnish	Arabic	    13
fin;tha	 2	TRUE	Finnish;Thai	Finnish	    13
nor;dan;swe	 3	TRUE	Norwegian;Danish;Swedish	Norwegian	    13
krl;rus	 2	TRUE	Karelian;Russian	Karelian	    13
eng;dan	 2	TRUE	English;Danish	English	    13
fin;sme	 2	TRUE	Finnish;Northern Sami	Finnish	    13
tur;fin	 2	TRUE	Turkish;Finnish	Turkish	    13
udm	 1	FALSE	Udmurt	Udmurt	    12
fin;vie	 2	TRUE	Finnish;Vietnamese	Finnish	    12
fin;rom	 2	TRUE	Finnish;Romani	Finnish	    12
gre;fin	 2	TRUE	Greek, Modern (1453-);Finnish	Greek, Modern (1453-)	    12
fin;eng;lat	 3	TRUE	Finnish;English;Latin	Finnish	    12
rus;krl	 2	TRUE	Russian;Karelian	Russian	    12
swe;ita	 2	TRUE	Swedish;Italian	Swedish	    12
smi;sme;fin	 3	TRUE	Sami;Northern Sami;Finnish	Sami	    12
ita;eng	 2	TRUE	Italian;English	Italian	    12
eng;fin;rus	 3	TRUE	English;Finnish;Russian	English	    12
fin;ukr	 2	TRUE	Finnish;Ukrainian	Finnish	    11
ger;est	 2	TRUE	German;Estonian	German	    11
swe;fin;eng;ger	 4	TRUE	Swedish;Finnish;English;German	Swedish	    11
bel	 1	FALSE	Belarusian	Belarusian	    11
mdf	 1	FALSE	Moksha	Moksha	    11
spa;swe	 2	TRUE	Spanish;Swedish	Spanish	    11
sme;fin	 2	TRUE	Northern Sami;Finnish	Northern Sami	    11
swe;ger;fre	 3	TRUE	Swedish;German;French	Swedish	    11
fin;eng;swe;ger	 4	TRUE	Finnish;English;Swedish;German	Finnish	    11
fin;eng;ger;fre;lat	 5	TRUE	Finnish;English;German;French;Latin	Finnish	    10
fre;ger	 2	TRUE	French;German	French	    10
fin;swe;nor;dan	 4	TRUE	Finnish;Swedish;Norwegian;Danish	Finnish	    10
ger;fre;eng	 3	TRUE	German;French;English	German	    10
fin;swe;ger;eng	 4	TRUE	Finnish;Swedish;German;English	Finnish	    10
fin;lav	 2	TRUE	Finnish;Latvian	Finnish	    10
fin;alb	 2	TRUE	Finnish;Albanian	Finnish	    10
ger;smi	 2	TRUE	German;Sami	German	    10
fin;fre;eng	 3	TRUE	Finnish;French;English	Finnish	    10
nor;eng	 2	TRUE	Norwegian;English	Norwegian	    10
smi;smn;fin	 3	TRUE	Sami;Inari Sami;Finnish	Sami	    10
fin;cze	 2	TRUE	Finnish;Czech	Finnish	    10
fin;lat;swe	 3	TRUE	Finnish;Latin;Swedish	Finnish	     9
spa;eng	 2	TRUE	Spanish;English	Spanish	     9
nor;fin	 2	TRUE	Norwegian;Finnish	Norwegian	     9
est;ger	 2	TRUE	Estonian;German	Estonian	     9
smi;nor	 2	TRUE	Sami;Norwegian	Sami	     9
fin;smi;eng	 3	TRUE	Finnish;Sami;English	Finnish	     9
eng;por	 2	TRUE	English;Portuguese	English	     9
eng;est	 2	TRUE	English;Estonian	English	     9
smi;swe	 2	TRUE	Sami;Swedish	Sami	     9
sms	 1	FALSE	Skolt Sami	Skolt Sami	     9
fin;san	 2	TRUE	Finnish;Sanskrit	Finnish	     8
heb;fin	 2	TRUE	Hebrew;Finnish	Hebrew	     8
fin;eng;fre;ger	 4	TRUE	Finnish;English;French;German	Finnish	     8
swe;lat;grc	 3	TRUE	Swedish;Latin;Greek, Ancient (to 1453)	Swedish	     8
eng;heb	 2	TRUE	English;Hebrew	English	     8
arm	 1	FALSE	Armenian	Armenian	     8
swe;eng;dan	 3	TRUE	Swedish;English;Danish	Swedish	     8
ukr;fin	 2	TRUE	Ukrainian;Finnish	Ukrainian	     8
eng;fre;spa	 3	TRUE	English;French;Spanish	English	     8
fin;rus;swe	 3	TRUE	Finnish;Russian;Swedish	Finnish	     8
fin;swa	 2	TRUE	Finnish;Swahili	Finnish	     8
eng;nor	 2	TRUE	English;Norwegian	English	     8
rom;fin	 2	TRUE	Romani;Finnish	Romani	     8
lat;swe;ger	 3	TRUE	Latin;Swedish;German	Latin	     8
lat;ger;swe	 3	TRUE	Latin;German;Swedish	Latin	     8
swe;fin;ger	 3	TRUE	Swedish;Finnish;German	Swedish	     8
fin;nor;eng	 3	TRUE	Finnish;Norwegian;English	Finnish	     8
swe;mul	 2	TRUE	Swedish;Multiple languages	Swedish	     8
fin;swe;eng;mul	 4	TRUE	Finnish;Swedish;English;Multiple languages	Finnish	     8
rus;fre	 2	TRUE	Russian;French	Russian	     8
fiu;rus	 2	TRUE	Finno-Ugrian (Other);Russian	Finno-Ugrian (Other)	     8
som;fin	 2	TRUE	Somali;Finnish	Somali	     8
lat;dut	 2	TRUE	Latin;Dutch	Latin	     8
fit	 0	FALSE	Undetermined	Undetermined	     7
swe;eng;dan;nor	 4	TRUE	Swedish;English;Danish;Norwegian	Swedish	     7
eng;grc	 2	TRUE	English;Greek, Ancient (to 1453)	English	     7
lav;fin	 2	TRUE	Latvian;Finnish	Latvian	     7
hun;eng	 2	TRUE	Hungarian;English	Hungarian	     7
glg	 1	FALSE	Galician	Galician	     7
fin;swe;epo	 3	TRUE	Finnish;Swedish;Esperanto	Finnish	     7
lat;fin;swe	 3	TRUE	Latin;Finnish;Swedish	Latin	     7
jpn;eng	 2	TRUE	Japanese;English	Japanese	     7
fin;swe;ita	 3	TRUE	Finnish;Swedish;Italian	Finnish	     7
lat;heb;swe	 3	TRUE	Latin;Hebrew;Swedish	Latin	     7
dan;nor	 2	TRUE	Danish;Norwegian	Danish	     7
fin;hrv	 2	TRUE	Finnish;Croatian	Finnish	     7
fin;rus;lat	 3	TRUE	Finnish;Russian;Latin	Finnish	     7
fin;ger;swe	 3	TRUE	Finnish;German;Swedish	Finnish	     7
rom	 1	FALSE	Romani	Romani	     7
rus;lat	 2	TRUE	Russian;Latin	Russian	     7
fin;swe;est	 3	TRUE	Finnish;Swedish;Estonian	Finnish	     7
lat;spa	 2	TRUE	Latin;Spanish	Latin	     7
sme;smi	 2	TRUE	Northern Sami;Sami	Northern Sami	     7
nor;dan	 2	TRUE	Norwegian;Danish	Norwegian	     6
myv	 1	FALSE	Erzya	Erzya	     6
fre;spa	 2	TRUE	French;Spanish	French	     6
nob	 1	FALSE	Norwegian (Bokm책l)	Norwegian (Bokm책l)	     6
fin;swe;eng;ger;fre;spa;rus;est	 8	TRUE	Finnish;Swedish;English;German;French;Spanish;Russian;Estonian	Finnish	     6
fre;rus	 2	TRUE	French;Russian	French	     6
eng;swa	 2	TRUE	English;Swahili	English	     6
dan;nor;swe;eng	 4	TRUE	Danish;Norwegian;Swedish;English	Danish	     6
fin;ice	 2	TRUE	Finnish;Icelandic	Finnish	     6
swe;grc	 2	TRUE	Swedish;Greek, Ancient (to 1453)	Swedish	     6
gem	 1	FALSE	Germanic (Other)	Germanic (Other)	     6
swe;fin;rus	 3	TRUE	Swedish;Finnish;Russian	Swedish	     6
swe;nor;dan;eng	 4	TRUE	Swedish;Norwegian;Danish;English	Swedish	     6
fin;bul	 2	TRUE	Finnish;Bulgarian	Finnish	     6
dan;fin	 2	TRUE	Danish;Finnish	Danish	     6
fin;krl;rus	 3	TRUE	Finnish;Karelian;Russian	Finnish	     6
ger;fre;rus	 3	TRUE	German;French;Russian	German	     6
fin;fre;swe	 3	TRUE	Finnish;French;Swedish	Finnish	     6
wel	 1	FALSE	Welsh	Welsh	     6
ger;rus	 2	TRUE	German;Russian	German	     6
fre;eng;ger	 3	TRUE	French;English;German	French	     6
swe;fre;ger	 3	TRUE	Swedish;French;German	Swedish	     6
fin;swe;dan;nor;eng	 5	TRUE	Finnish;Swedish;Danish;Norwegian;English	Finnish	     6
eng;eng	 1	FALSE	English	English	     6
lat;fin;eng	 3	TRUE	Latin;Finnish;English	Latin	     6
fre;lat	 2	TRUE	French;Latin	French	     6
fiu;fin	 2	TRUE	Finno-Ugrian (Other);Finnish	Finno-Ugrian (Other)	     6
fre;eng;fin	 3	TRUE	French;English;Finnish	French	     6
fin;eng;ger;fre;spa	 5	TRUE	Finnish;English;German;French;Spanish	Finnish	     5
nor;smi;eng	 3	TRUE	Norwegian;Sami;English	Norwegian	     5
fin;swe;eng;ger;fre;rus;spa	 7	TRUE	Finnish;Swedish;English;German;French;Russian;Spanish	Finnish	     5
ger;sux	 2	TRUE	German;Sumerian	German	     5
est;rus	 2	TRUE	Estonian;Russian	Estonian	     5
fin;ger;rus	 3	TRUE	Finnish;German;Russian	Finnish	     5
lat;ara	 2	TRUE	Latin;Arabic	Latin	     5
fin;udm	 2	TRUE	Finnish;Udmurt	Finnish	     5
swe;eng;fre	 3	TRUE	Swedish;English;French	Swedish	     5
fin;arc	 2	TRUE	Finnish;Aramaic	Finnish	     5
dan;fin;nor;swe	 4	TRUE	Danish;Finnish;Norwegian;Swedish	Danish	     5
fin;swe;eng;lat	 4	TRUE	Finnish;Swedish;English;Latin	Finnish	     5
eng;gre	 2	TRUE	English;Greek, Modern (1453-)	English	     5
fin;slo	 2	TRUE	Finnish;Slovak	Finnish	     5
lat;heb;grc	 3	TRUE	Latin;Hebrew;Greek, Ancient (to 1453)	Latin	     5
dan;swe;eng	 3	TRUE	Danish;Swedish;English	Danish	     5
lav;eng	 2	TRUE	Latvian;English	Latvian	     5
fin;eng;fre;rus	 4	TRUE	Finnish;English;French;Russian	Finnish	     5
cze;fin	 2	TRUE	Czech;Finnish	Czech	     5
smi;smn;eng	 3	TRUE	Sami;Inari Sami;English	Sami	     5
fin;eng;ara	 3	TRUE	Finnish;English;Arabic	Finnish	     5
ita;lat	 2	TRUE	Italian;Latin	Italian	     5
ger;fin;swe	 3	TRUE	German;Finnish;Swedish	German	     5
swe;est	 2	TRUE	Swedish;Estonian	Swedish	     5
fre;dut	 2	TRUE	French;Dutch	French	     5
vie;fin	 2	TRUE	Vietnamese;Finnish	Vietnamese	     5
eng;pol	 2	TRUE	English;Polish	English	     5
fin;smn	 2	TRUE	Finnish;Inari Sami	Finnish	     5
fin;heb;arc	 3	TRUE	Finnish;Hebrew;Aramaic	Finnish	     5
fin;swe;nor;eng;ger	 5	TRUE	Finnish;Swedish;Norwegian;English;German	Finnish	     5
inc	 1	FALSE	Indic (Other)	Indic (Other)	     5
eng;fin;ger	 3	TRUE	English;Finnish;German	English	     5
fin;est;rus	 3	TRUE	Finnish;Estonian;Russian	Finnish	     5
lat;ita	 2	TRUE	Latin;Italian	Latin	     5
swe;fin;lat	 3	TRUE	Swedish;Finnish;Latin	Swedish	     5
fin;smi;sms	 3	TRUE	Finnish;Sami;Skolt Sami	Finnish	     5
fin;nor;eng;rus	 4	TRUE	Finnish;Norwegian;English;Russian	Finnish	     5
ger;eng;fin	 3	TRUE	German;English;Finnish	German	     5
rus;fin;swe	 3	TRUE	Russian;Finnish;Swedish	Russian	     5
tha;fin	 2	TRUE	Thai;Finnish	Thai	     5
dut;fin	 2	TRUE	Dutch;Finnish	Dutch	     5
fin;lat;fre	 3	TRUE	Finnish;Latin;French	Finnish	     4
dut;epo	 2	TRUE	Dutch;Esperanto	Dutch	     4
eng;ger;fin	 3	TRUE	English;German;Finnish	English	     4
rus;eng;fin	 3	TRUE	Russian;English;Finnish	Russian	     4
fin;eng;ger;rus;hun;est;fiu	 7	TRUE	Finnish;English;German;Russian;Hungarian;Estonian;Finno-Ugrian (Other)	Finnish	     4
fin;eng;hun	 3	TRUE	Finnish;English;Hungarian	Finnish	     4
swe;dan;ice;nor	 4	TRUE	Swedish;Danish;Icelandic;Norwegian	Swedish	     4
fin;ind	 2	TRUE	Finnish;Indonesian	Finnish	     4
swe;und	 2	TRUE	Swedish;Undetermined	Swedish	     4
ine;fin	 2	TRUE	Indo-European (Other);Finnish	Indo-European (Other)	     4
baq	 1	FALSE	Basque	Basque	     4
eng;fin;swe;nor;dan;ice	 6	TRUE	English;Finnish;Swedish;Norwegian;Danish;Icelandic	English	     4
hin	 1	FALSE	Hindi	Hindi	     4
geo	 1	FALSE	Georgian	Georgian	     4
nor;smi	 2	TRUE	Norwegian;Sami	Norwegian	     4
fin;eng;fre;swe	 4	TRUE	Finnish;English;French;Swedish	Finnish	     4
may	 1	FALSE	Malay	Malay	     4
eng;bul	 2	TRUE	English;Bulgarian	English	     4
fin;eng;ger;ita	 4	TRUE	Finnish;English;German;Italian	Finnish	     4
pol;eng	 2	TRUE	Polish;English	Polish	     4
som;eng	 2	TRUE	Somali;English	Somali	     4
swe;ger;lat	 3	TRUE	Swedish;German;Latin	Swedish	     4
eng;smi	 2	TRUE	English;Sami	English	     4
eng;fin;swe;ger	 4	TRUE	English;Finnish;Swedish;German	English	     4
ice;fin	 2	TRUE	Icelandic;Finnish	Icelandic	     4
fin;eng;ger;jpn	 4	TRUE	Finnish;English;German;Japanese	Finnish	     4
swe;eng;rus	 3	TRUE	Swedish;English;Russian	Swedish	     4
ger;fin;eng;fre	 4	TRUE	German;Finnish;English;French	German	     4
gre;eng	 2	TRUE	Greek, Modern (1453-);English	Greek, Modern (1453-)	     4
fin;eng;dut	 3	TRUE	Finnish;English;Dutch	Finnish	     4
fiu;ger;rus	 3	TRUE	Finno-Ugrian (Other);German;Russian	Finno-Ugrian (Other)	     4
fin;swe;eng;ita	 4	TRUE	Finnish;Swedish;English;Italian	Finnish	     4
smi;nor;fin	 3	TRUE	Sami;Norwegian;Finnish	Sami	     4
chi;eng	 2	TRUE	Chinese;English	Chinese	     4
rum;eng	 2	TRUE	Romanian;English	Romanian	     4
fin;eng;rus;ger;fre;srp	 6	TRUE	Finnish;English;Russian;German;French;Serbian	Finnish	     4
fin;swe;nor;eng;ger;fre	 6	TRUE	Finnish;Swedish;Norwegian;English;German;French	Finnish	     4
fin;chm	 2	TRUE	Finnish;Mari	Finnish	     4
fin;eng;fre;ger;swe	 5	TRUE	Finnish;English;French;German;Swedish	Finnish	     4
swe;fin;nor	 3	TRUE	Swedish;Finnish;Norwegian	Swedish	     4
fin;dan;eng	 3	TRUE	Finnish;Danish;English	Finnish	     4
swe;nor;dan;ice	 4	TRUE	Swedish;Norwegian;Danish;Icelandic	Swedish	     4
eng;san	 2	TRUE	English;Sanskrit	English	     4
fin;swe;spa	 3	TRUE	Finnish;Swedish;Spanish	Finnish	     4
sms;fin	 2	TRUE	Skolt Sami;Finnish	Skolt Sami	     4
dut;eng	 2	TRUE	Dutch;English	Dutch	     4
swe;spa	 2	TRUE	Swedish;Spanish	Swedish	     4
fro	 1	FALSE	French, Old (ca. 842-1300)	French, Old (ca. 842-1300)	     4
fin;smi;nor	 3	TRUE	Finnish;Sami;Norwegian	Finnish	     4
fin;glg	 2	TRUE	Finnish;Galician	Finnish	     4
est;fin;eng	 3	TRUE	Estonian;Finnish;English	Estonian	     4
lat;grc;ger	 3	TRUE	Latin;Greek, Ancient (to 1453);German	Latin	     4
smi;sme;nor	 3	TRUE	Sami;Northern Sami;Norwegian	Sami	     4
rus;ger	 2	TRUE	Russian;German	Russian	     4
fin;swe;smi;eng	 4	TRUE	Finnish;Swedish;Sami;English	Finnish	     4
swe;ger;fre;lat	 4	TRUE	Swedish;German;French;Latin	Swedish	     4
swe;lat;fin	 3	TRUE	Swedish;Latin;Finnish	Swedish	     4
smn;smi;eng	 3	TRUE	Inari Sami;Sami;English	Inari Sami	     4
ara;eng	 2	TRUE	Arabic;English	Arabic	     4
rus;fin;mul	 3	TRUE	Russian;Finnish;Multiple languages	Russian	     4
fin;swe;eng;fre;rus	 5	TRUE	Finnish;Swedish;English;French;Russian	Finnish	     4
fiu;ger	 2	TRUE	Finno-Ugrian (Other);German	Finno-Ugrian (Other)	     4
ger;grc	 2	TRUE	German;Greek, Ancient (to 1453)	German	     4
ita;fin;swe	 3	TRUE	Italian;Finnish;Swedish	Italian	     3
dan;fin;eng	 3	TRUE	Danish;Finnish;English	Danish	     3
fin;ita;eng	 3	TRUE	Finnish;Italian;English	Finnish	     3
nor;ger	 2	TRUE	Norwegian;German	Norwegian	     3
dan;swe;fin	 3	TRUE	Danish;Swedish;Finnish	Danish	     3
fin;eng;ukr	 3	TRUE	Finnish;English;Ukrainian	Finnish	     3
ine	 1	FALSE	Indo-European (Other)	Indo-European (Other)	     3
eng;ger;fre;dan	 4	TRUE	English;German;French;Danish	English	     3
eng;ger;fre;ita	 4	TRUE	English;German;French;Italian	English	     3
vot	 1	FALSE	Votic	Votic	     3
lit;eng	 2	TRUE	Lithuanian;English	Lithuanian	     3
swe;fin;fre	 3	TRUE	Swedish;Finnish;French	Swedish	     3
ger;fin;swe;eng;fre;dan;nor	 7	TRUE	German;Finnish;Swedish;English;French;Danish;Norwegian	German	     3
eng;swe;nor	 3	TRUE	English;Swedish;Norwegian	English	     3
swe;ger;eng;lat;fin	 5	TRUE	Swedish;German;English;Latin;Finnish	Swedish	     3
afr;ndo	 2	TRUE	Afrikaans;Ndonga	Afrikaans	     3
swe;dan;nor;ice	 4	TRUE	Swedish;Danish;Norwegian;Icelandic	Swedish	     3
swe;eng;fre;ger	 4	TRUE	Swedish;English;French;German	Swedish	     3
lat;eng;swe	 3	TRUE	Latin;English;Swedish	Latin	     3
yid	 1	FALSE	Yiddish	Yiddish	     3
eng;fre;ger;ita	 4	TRUE	English;French;German;Italian	English	     3
dan;fin;swe	 3	TRUE	Danish;Finnish;Swedish	Danish	     3
swe;eng;fre;ger;dan;nor;fin	 7	TRUE	Swedish;English;French;German;Danish;Norwegian;Finnish	Swedish	     3
lat;ara;swe	 3	TRUE	Latin;Arabic;Swedish	Latin	     3
eng;kor	 2	TRUE	English;Korean	English	     3
spa;lat	 2	TRUE	Spanish;Latin	Spanish	     3
fre;eng;rus	 3	TRUE	French;English;Russian	French	     3
swa;fin	 2	TRUE	Swahili;Finnish	Swahili	     3
fin;eng;sme	 3	TRUE	Finnish;English;Northern Sami	Finnish	     3
tha	 1	FALSE	Thai	Thai	     3
fin;sms	 2	TRUE	Finnish;Skolt Sami	Finnish	     3
fin;rus;est	 3	TRUE	Finnish;Russian;Estonian	Finnish	     3
fin;eng;ger;fre;ita	 5	TRUE	Finnish;English;German;French;Italian	Finnish	     3
fin;tat	 2	TRUE	Finnish;Tatar	Finnish	     3
por;eng	 2	TRUE	Portuguese;English	Portuguese	     3
fre;spa;ita	 3	TRUE	French;Spanish;Italian	French	     3
fin;swe;eng;est	 4	TRUE	Finnish;Swedish;English;Estonian	Finnish	     3
fin;fre;und	 3	TRUE	Finnish;French;Undetermined	Finnish	     3
fin;dan;nor;swe	 4	TRUE	Finnish;Danish;Norwegian;Swedish	Finnish	     3
rum;fin	 2	TRUE	Romanian;Finnish	Romanian	     3
fre;ita;spa	 3	TRUE	French;Italian;Spanish	French	     3
fin;dan;nor	 3	TRUE	Finnish;Danish;Norwegian	Finnish	     3
fin;swe;gre	 3	TRUE	Finnish;Swedish;Greek, Modern (1453-)	Finnish	     3
smi;sme;eng	 3	TRUE	Sami;Northern Sami;English	Sami	     3
gsw	 1	FALSE	Swiss German	Swiss German	     3
swe;rus;fin	 3	TRUE	Swedish;Russian;Finnish	Swedish	     3
eng;som	 2	TRUE	English;Somali	English	     3
fin;eng;ger;fre;spa;ita	 6	TRUE	Finnish;English;German;French;Spanish;Italian	Finnish	     3
eng;fre;ger;fin	 4	TRUE	English;French;German;Finnish	English	     3
fin;swe;ger;lat	 4	TRUE	Finnish;Swedish;German;Latin	Finnish	     3
swe;eng;ger;fin	 4	TRUE	Swedish;English;German;Finnish	Swedish	     3
ger;hun	 2	TRUE	German;Hungarian	German	     3
eng;ger;spa	 3	TRUE	English;German;Spanish	English	     3
fin;swe;eng;ger;rus;est	 6	TRUE	Finnish;Swedish;English;German;Russian;Estonian	Finnish	     3
fre;ita	 2	TRUE	French;Italian	French	     3
eng;mon	 2	TRUE	English;Mongolian	English	     3
swe;per	 2	TRUE	Swedish;Persian	Swedish	     3
fin;swe;som	 3	TRUE	Finnish;Swedish;Somali	Finnish	     3
fin;eng;fre;ger;ita;por;spa	 7	TRUE	Finnish;English;French;German;Italian;Portuguese;Spanish	Finnish	     3
fin;eng;per	 3	TRUE	Finnish;English;Persian	Finnish	     3
eng;tha	 2	TRUE	English;Thai	English	     3
smi;sms;fin	 3	TRUE	Sami;Skolt Sami;Finnish	Sami	     3
est;fin;eng;rus;mul	 5	TRUE	Estonian;Finnish;English;Russian;Multiple languages	Estonian	     3
lat;mul	 2	TRUE	Latin;Multiple languages	Latin	     3
swe;smi	 2	TRUE	Swedish;Sami	Swedish	     3
eng;ger;fre;swe	 4	TRUE	English;German;French;Swedish	English	     3
eng;fin;dan	 3	TRUE	English;Finnish;Danish	English	     3
fin;est;ger;rus	 4	TRUE	Finnish;Estonian;German;Russian	Finnish	     3
eng;fin;mul	 3	TRUE	English;Finnish;Multiple languages	English	     3
fin;sgn	 2	TRUE	Finnish;Sign languages	Finnish	     3
eng;ger;fre;jpn	 4	TRUE	English;German;French;Japanese	English	     3
eng;rus;fin	 3	TRUE	English;Russian;Finnish	English	     3
paa	 1	FALSE	Papuan (Other)	Papuan (Other)	     3
fin;smi;sme	 3	TRUE	Finnish;Sami;Northern Sami	Finnish	     3
fin;chu	 2	TRUE	Finnish;Church Slavic	Finnish	     3
rus;fin;eng	 3	TRUE	Russian;Finnish;English	Russian	     3
eng;ger;swe;fin	 4	TRUE	English;German;Swedish;Finnish	English	     3
swe;epo	 2	TRUE	Swedish;Esperanto	Swedish	     3
fin;swe;dan;ice;nor	 5	TRUE	Finnish;Swedish;Danish;Icelandic;Norwegian	Finnish	     3
kir	 1	FALSE	Kyrgyz	Kyrgyz	     3
smi;ger	 2	TRUE	Sami;German	Sami	     3
sme;smi;fin	 3	TRUE	Northern Sami;Sami;Finnish	Northern Sami	     3
fin;swe;eng;ger;fre;rus;est	 7	TRUE	Finnish;Swedish;English;German;French;Russian;Estonian	Finnish	     3
fin;bur	 2	TRUE	Finnish;Burmese	Finnish	     3
eng;lav	 2	TRUE	English;Latvian	English	     3
grc;lat;swe	 3	TRUE	Greek, Ancient (to 1453);Latin;Swedish	Greek, Ancient (to 1453)	     3
lat;ger;fre	 3	TRUE	Latin;German;French	Latin	     3
lat;grc;fin	 3	TRUE	Latin;Greek, Ancient (to 1453);Finnish	Latin	     3
swa;eng	 2	TRUE	Swahili;English	Swahili	     3
dut;ger	 2	TRUE	Dutch;German	Dutch	     3
dan;ger	 2	TRUE	Danish;German	Danish	     3
lat;swe;heb	 3	TRUE	Latin;Swedish;Hebrew	Latin	     3
fin;tam	 2	TRUE	Finnish;Tamil	Finnish	     3
eng;inc	 2	TRUE	English;Indic (Other)	English	     3
fin;eng;fre;spa	 4	TRUE	Finnish;English;French;Spanish	Finnish	     3
fin;lit	 2	TRUE	Finnish;Lithuanian	Finnish	     3
epo;swe	 2	TRUE	Esperanto;Swedish	Esperanto	     3
est;rus;fin	 3	TRUE	Estonian;Russian;Finnish	Estonian	     3
swe;vie	 2	TRUE	Swedish;Vietnamese	Swedish	     3
eng;slv	 2	TRUE	English;Slovenian	English	     3
fin;eng;por	 3	TRUE	Finnish;English;Portuguese	Finnish	     3
fin;eng;swe;rus	 4	TRUE	Finnish;English;Swedish;Russian	Finnish	     3
fin;eng;smi	 3	TRUE	Finnish;English;Sami	Finnish	     3
fin;fil	 2	TRUE	Finnish;Filipino	Finnish	     3
afa;eng	 2	TRUE	Afroasiatic (Other);English	Afroasiatic (Other)	     3
fin;eng;pol	 3	TRUE	Finnish;English;Polish	Finnish	     3
ita;fre	 2	TRUE	Italian;French	Italian	     3
eng;per	 2	TRUE	English;Persian	English	     3
fin;smi;sme;eng	 4	TRUE	Finnish;Sami;Northern Sami;English	Finnish	     3
smi;sme;fin;eng	 4	TRUE	Sami;Northern Sami;Finnish;English	Sami	     3
eng;rus;ger	 3	TRUE	English;Russian;German	English	     3
fin;dan;ice;eng	 4	TRUE	Finnish;Danish;Icelandic;English	Finnish	     3
bul;fin	 2	TRUE	Bulgarian;Finnish	Bulgarian	     3
swe;lat;ger	 3	TRUE	Swedish;Latin;German	Swedish	     3
fin;swe;rus;eng	 4	TRUE	Finnish;Swedish;Russian;English	Finnish	     3
hrv;fin	 2	TRUE	Croatian;Finnish	Croatian	     3
ger;sux;akk	 3	TRUE	German;Sumerian;Akkadian	German	     2
fin;swe;dan;ice;nor;eng	 6	TRUE	Finnish;Swedish;Danish;Icelandic;Norwegian;English	Finnish	     2
swe;ice;nor;dan;eng	 5	TRUE	Swedish;Icelandic;Norwegian;Danish;English	Swedish	     2
eng;dan;nor;swe	 4	TRUE	English;Danish;Norwegian;Swedish	English	     2
rus;chu	 2	TRUE	Russian;Church Slavic	Russian	     2
und;eng	 2	TRUE	Undetermined;English	Undetermined	     2
gre;fin;eng	 3	TRUE	Greek, Modern (1453-);Finnish;English	Greek, Modern (1453-)	     2
fin;swe;eng;ger;spa	 5	TRUE	Finnish;Swedish;English;German;Spanish	Finnish	     2
fre;fin;swe	 3	TRUE	French;Finnish;Swedish	French	     2
ita;fin;eng	 3	TRUE	Italian;Finnish;English	Italian	     2
fin;eng;spa;por;ara;jpn;kor;rus;fre;swe;ita;ger	12	TRUE	Finnish;English;Spanish;Portuguese;Arabic;Japanese;Korean;Russian;French;Swedish;Italian;German	Finnish	     2
swe;ara	 2	TRUE	Swedish;Arabic	Swedish	     2
rus;eng;ger;hun;fin	 5	TRUE	Russian;English;German;Hungarian;Finnish	Russian	     2
swe;fin;nor;dan	 4	TRUE	Swedish;Finnish;Norwegian;Danish	Swedish	     2
dan;nor;swe;fin	 4	TRUE	Danish;Norwegian;Swedish;Finnish	Danish	     2
eng;mul	 2	TRUE	English;Multiple languages	English	     2
eng;tur	 2	TRUE	English;Turkish	English	     2
fin;cat	 2	TRUE	Finnish;Catalan	Finnish	     2
fin;myv	 2	TRUE	Finnish;Erzya	Finnish	     2
ger;swe;fin	 3	TRUE	German;Swedish;Finnish	German	     2
smj	 1	FALSE	Lule Sami	Lule Sami	     2
lit;fin	 2	TRUE	Lithuanian;Finnish	Lithuanian	     2
swe;dan;nor;fin	 4	TRUE	Swedish;Danish;Norwegian;Finnish	Swedish	     2
eng;fin;por	 3	TRUE	English;Finnish;Portuguese	English	     2
swe;gem	 2	TRUE	Swedish;Germanic (Other)	Swedish	     2
rus;rus	 1	FALSE	Russian	Russian	     2
chm;ger	 2	TRUE	Mari;German	Mari	     2
swe;dan;isl;nor	 3	TRUE	Swedish;Danish;Norwegian	Swedish	     2
san;eng	 2	TRUE	Sanskrit;English	Sanskrit	     2
fin;nor;swe	 3	TRUE	Finnish;Norwegian;Swedish	Finnish	     2
fin;swe;eng;epo	 4	TRUE	Finnish;Swedish;English;Esperanto	Finnish	     2
und;ger	 2	TRUE	Undetermined;German	Undetermined	     2
srp;fin	 2	TRUE	Serbian;Finnish	Serbian	     2
alb;fin	 2	TRUE	Albanian;Finnish	Albanian	     2
fin;rus;fiu	 3	TRUE	Finnish;Russian;Finno-Ugrian (Other)	Finnish	     2
fin;eng;swe;est	 4	TRUE	Finnish;English;Swedish;Estonian	Finnish	     2
eng;fin;fre	 3	TRUE	English;Finnish;French	English	     2
fiu;krl;rus	 3	TRUE	Finno-Ugrian (Other);Karelian;Russian	Finno-Ugrian (Other)	     2
swe;fin;eng;nor;fre	 5	TRUE	Swedish;Finnish;English;Norwegian;French	Swedish	     2
eng;fin;swe;ger;fre	 5	TRUE	English;Finnish;Swedish;German;French	English	     2
ger;mon	 2	TRUE	German;Mongolian	German	     2
ger;dan	 2	TRUE	German;Danish	German	     2
ira	 1	FALSE	Iranian (Other)	Iranian (Other)	     2
fin;eng;rus;est	 4	TRUE	Finnish;English;Russian;Estonian	Finnish	     2
eng;dut	 2	TRUE	English;Dutch	English	     2
fin;eng;fre;swe;ger;spa;est;rus	 8	TRUE	Finnish;English;French;Swedish;German;Spanish;Estonian;Russian	Finnish	     2
fin;swe;ger;eng;rus	 5	TRUE	Finnish;Swedish;German;English;Russian	Finnish	     2
fin;hun;lat	 3	TRUE	Finnish;Hungarian;Latin	Finnish	     2
aka;fin;eng	 3	TRUE	Akan;Finnish;English	Akan	     2
scr	 1	FALSE	Croatian	Croatian	     2
pan	 1	FALSE	Panjabi	Panjabi	     2
yor	 1	FALSE	Yoruba	Yoruba	     2
nya	 1	FALSE	Nyanja	Nyanja	     2
pus	 1	FALSE	Pushto	Pushto	     2
tgk	 1	FALSE	Tajik	Tajik	     2
guj	 1	FALSE	Gujarati	Gujarati	     2
che	 1	FALSE	Chechen	Chechen	     2
fre;ger;rus	 3	TRUE	French;German;Russian	French	     2
ita;eng;fre	 3	TRUE	Italian;English;French	Italian	     2
fin;est;ita	 3	TRUE	Finnish;Estonian;Italian	Finnish	     2
fin;swe;eng;ger;fre;est;rus	 7	TRUE	Finnish;Swedish;English;German;French;Estonian;Russian	Finnish	     2
fin;nor;fre;swe;eng;rus;sme	 7	TRUE	Finnish;Norwegian;French;Swedish;English;Russian;Northern Sami	Finnish	     2
mac	 1	FALSE	Macedonian	Macedonian	     2
eng;fin;ukr	 3	TRUE	English;Finnish;Ukrainian	English	     2
mul;swe;fin	 3	TRUE	Multiple languages;Swedish;Finnish	Multiple languages	     2
eng;mul;swe;fin	 4	TRUE	English;Multiple languages;Swedish;Finnish	English	     2
swe;fin;mul	 3	TRUE	Swedish;Finnish;Multiple languages	Swedish	     2
smi;swe;fin	 3	TRUE	Sami;Swedish;Finnish	Sami	     2
grc;eng	 2	TRUE	Greek, Ancient (to 1453);English	Greek, Ancient (to 1453)	     2
ind	 1	FALSE	Indonesian	Indonesian	     2
ukr;eng	 2	TRUE	Ukrainian;English	Ukrainian	     2
fin;eng;rus;ukr	 4	TRUE	Finnish;English;Russian;Ukrainian	Finnish	     2
fin;swe;lat;grc	 4	TRUE	Finnish;Swedish;Latin;Greek, Ancient (to 1453)	Finnish	     2
lat;grc;swe;fre	 4	TRUE	Latin;Greek, Ancient (to 1453);Swedish;French	Latin	     2
fre;ita;spa;por	 4	TRUE	French;Italian;Spanish;Portuguese	French	     2
fin;swe;eng;ger;rus;fre	 6	TRUE	Finnish;Swedish;English;German;Russian;French	Finnish	     2
fin;ger;und	 3	TRUE	Finnish;German;Undetermined	Finnish	     2
rus;fiu	 2	TRUE	Russian;Finno-Ugrian (Other)	Russian	     2
swe;eng;fre;spa;fin	 5	TRUE	Swedish;English;French;Spanish;Finnish	Swedish	     2
fin;swe;eng;nor	 4	TRUE	Finnish;Swedish;English;Norwegian	Finnish	     2
est;fin;eng;rus	 4	TRUE	Estonian;Finnish;English;Russian	Estonian	     2
eng;swe;ger;dan	 4	TRUE	English;Swedish;German;Danish	English	     2
fin;eng;est;rus	 4	TRUE	Finnish;English;Estonian;Russian	Finnish	     2
swe;eng;nor;dan	 4	TRUE	Swedish;English;Norwegian;Danish	Swedish	     2
fin;fre;swe;ger;eng;rus	 6	TRUE	Finnish;French;Swedish;German;English;Russian	Finnish	     2
fin;swe;nor;eng	 4	TRUE	Finnish;Swedish;Norwegian;English	Finnish	     2
fin;swe;eng;sme	 4	TRUE	Finnish;Swedish;English;Northern Sami	Finnish	     2
fin;swe;eng;smi	 4	TRUE	Finnish;Swedish;English;Sami	Finnish	     2
dan;lat	 2	TRUE	Danish;Latin	Danish	     2
fin;swe;eng;rus;smi	 5	TRUE	Finnish;Swedish;English;Russian;Sami	Finnish	     2
eng;lit	 2	TRUE	English;Lithuanian	English	     2
rus;ita;fre	 3	TRUE	Russian;Italian;French	Russian	     2
dut;lat	 2	TRUE	Dutch;Latin	Dutch	     2
fin;swe;dan;nor;ice;eng	 6	TRUE	Finnish;Swedish;Danish;Norwegian;Icelandic;English	Finnish	     2
lat;swe;rus	 3	TRUE	Latin;Swedish;Russian	Latin	     2
swe;fre;lat	 3	TRUE	Swedish;French;Latin	Swedish	     2
fin;swe;eng;ger;lat	 5	TRUE	Finnish;Swedish;English;German;Latin	Finnish	     2
fin;swe;fre;ger	 4	TRUE	Finnish;Swedish;French;German	Finnish	     2
swe;chi	 2	TRUE	Swedish;Chinese	Swedish	     2
fin;eng;tha	 3	TRUE	Finnish;English;Thai	Finnish	     2
kua	 1	FALSE	Kuanyama	Kuanyama	     2
fin;swe;dan;nor;ice	 5	TRUE	Finnish;Swedish;Danish;Norwegian;Icelandic	Finnish	     2
dan;fin;ice;nor;swe	 5	TRUE	Danish;Finnish;Icelandic;Norwegian;Swedish	Danish	     2
fin;sme;smi	 3	TRUE	Finnish;Northern Sami;Sami	Finnish	     2
lat;swe;ger;fin	 4	TRUE	Latin;Swedish;German;Finnish	Latin	     2
lat;ita;grc;fre	 4	TRUE	Latin;Italian;Greek, Ancient (to 1453);French	Latin	     2
lat;grc;fre	 3	TRUE	Latin;Greek, Ancient (to 1453);French	Latin	     2
fin;lat;ger	 3	TRUE	Finnish;Latin;German	Finnish	     2
ger;swe;lat	 3	TRUE	German;Swedish;Latin	German	     2
lat;ger;grc	 3	TRUE	Latin;German;Greek, Ancient (to 1453)	Latin	     2
lat;grc;heb	 3	TRUE	Latin;Greek, Ancient (to 1453);Hebrew	Latin	     2
fin;smi;ger	 3	TRUE	Finnish;Sami;German	Finnish	     2
eng;ger;lat	 3	TRUE	English;German;Latin	English	     2
rus;fin;ger	 3	TRUE	Russian;Finnish;German	Russian	     2
ger;spa	 2	TRUE	German;Spanish	German	     2
swe;per;lat	 3	TRUE	Swedish;Persian;Latin	Swedish	     2
ger;fin;swe;rus	 4	TRUE	German;Finnish;Swedish;Russian	German	     2
fin;fre;rus	 3	TRUE	Finnish;French;Russian	Finnish	     2
fin;eng;som	 3	TRUE	Finnish;English;Somali	Finnish	     2
lat;rus	 2	TRUE	Latin;Russian	Latin	     2
fin;eng;tat	 3	TRUE	Finnish;English;Tatar	Finnish	     2
fin;spa;eng	 3	TRUE	Finnish;Spanish;English	Finnish	     2
krl;chu	 2	TRUE	Karelian;Church Slavic	Karelian	     2
luo	 1	FALSE	Luo (Kenya and Tanzania)	Luo (Kenya and Tanzania)	     2
eng;hun	 2	TRUE	English;Hungarian	English	     2
fin;ger;jpn	 3	TRUE	Finnish;German;Japanese	Finnish	     2
dan;eng;ger	 3	TRUE	Danish;English;German	Danish	     2
ara;som	 2	TRUE	Arabic;Somali	Arabic	     2
rus;eng;ger	 3	TRUE	Russian;English;German	Russian	     2
sme;smn;sms	 3	TRUE	Northern Sami;Inari Sami;Skolt Sami	Northern Sami	     2
smi;fin;eng	 3	TRUE	Sami;Finnish;English	Sami	     2
ger;eng;ita	 3	TRUE	German;English;Italian	German	     2
swe;nor;fin	 3	TRUE	Swedish;Norwegian;Finnish	Swedish	     2
ypk	 1	FALSE	Yupik languages	Yupik languages	     2
fin;eng;heb	 3	TRUE	Finnish;English;Hebrew	Finnish	     2
fre;ara	 2	TRUE	French;Arabic	French	     2
spa;fin;eng	 3	TRUE	Spanish;Finnish;English	Spanish	     2
swe;ger;fin	 3	TRUE	Swedish;German;Finnish	Swedish	     2
dut;swe;eng;fre	 4	TRUE	Dutch;Swedish;English;French	Dutch	     2
fin;mul;eng	 3	TRUE	Finnish;Multiple languages;English	Finnish	     2
eng;swe;dan;nor	 4	TRUE	English;Swedish;Danish;Norwegian	English	     2
est;fin;hun	 3	TRUE	Estonian;Finnish;Hungarian	Estonian	     2
fin;afa	 2	TRUE	Finnish;Afroasiatic (Other)	Finnish	     2
fin;eng;dan	 3	TRUE	Finnish;English;Danish	Finnish	     2
eng;ger;swe	 3	TRUE	English;German;Swedish	English	     2
fil;fin	 2	TRUE	Filipino;Finnish	Filipino	     2
fin;eng;cze	 3	TRUE	Finnish;English;Czech	Finnish	     2
fin;est;ger	 3	TRUE	Finnish;Estonian;German	Finnish	     2
lat;grc;heb;swe	 4	TRUE	Latin;Greek, Ancient (to 1453);Hebrew;Swedish	Latin	     2
lat;grc;fre;swe	 4	TRUE	Latin;Greek, Ancient (to 1453);French;Swedish	Latin	     2
swe;lat;fre	 3	TRUE	Swedish;Latin;French	Swedish	     2
fin;swe;est;eng	 4	TRUE	Finnish;Swedish;Estonian;English	Finnish	     2
lat;swe;fre;fin	 4	TRUE	Latin;Swedish;French;Finnish	Latin	     2
lat;swe;eng	 3	TRUE	Latin;Swedish;English	Latin	     2
fin;egy	 2	TRUE	Finnish;Egyptian	Finnish	     2
ger;nor	 2	TRUE	German;Norwegian	German	     2
fin;eng;nor	 3	TRUE	Finnish;English;Norwegian	Finnish	     2
dut;fre	 2	TRUE	Dutch;French	Dutch	     2
fin;swe;eng;spa	 4	TRUE	Finnish;Swedish;English;Spanish	Finnish	     2
eng;rus;chi	 3	TRUE	English;Russian;Chinese	English	     2
hin;fin	 2	TRUE	Hindi;Finnish	Hindi	     2
ger;lat;est	 3	TRUE	German;Latin;Estonian	German	     2
fre;ger;eng	 3	TRUE	French;German;English	French	     2
dut;swe	 2	TRUE	Dutch;Swedish	Dutch	     2
ita;spa	 2	TRUE	Italian;Spanish	Italian	     2
ger;fre;eng;ita	 4	TRUE	German;French;English;Italian	German	     2
grc;swe	 2	TRUE	Greek, Ancient (to 1453);Swedish	Greek, Ancient (to 1453)	     2
fin;swe;fre;rus	 4	TRUE	Finnish;Swedish;French;Russian	Finnish	     2
eng;fre;ger;swe	 4	TRUE	English;French;German;Swedish	English	     2
fin;est;hun	 3	TRUE	Finnish;Estonian;Hungarian	Finnish	     2
kal	 1	FALSE	Kal창tdlisut	Kal창tdlisut	     2
fin;eng;kor	 3	TRUE	Finnish;English;Korean	Finnish	     2
mon	 1	FALSE	Mongolian	Mongolian	     2
eng;paa	 2	TRUE	English;Papuan (Other)	English	     2
fin;swe;eng;est;rus	 5	TRUE	Finnish;Swedish;English;Estonian;Russian	Finnish	     2
ger;fin;eng	 3	TRUE	German;Finnish;English	German	     2
nor;swe;dan;fin;mul	 5	TRUE	Norwegian;Swedish;Danish;Finnish;Multiple languages	Norwegian	     2
chm;fin	 2	TRUE	Mari;Finnish	Mari	     2
orm;eng	 2	TRUE	Oromo;English	Oromo	     2
swe;dan;nor;ger	 4	TRUE	Swedish;Danish;Norwegian;German	Swedish	     2
fin;swe;dan;eng;ger	 5	TRUE	Finnish;Swedish;Danish;English;German	Finnish	     2
fin;sme;eng;ger	 4	TRUE	Finnish;Northern Sami;English;German	Finnish	     2
swe;fin;eng;rus	 4	TRUE	Swedish;Finnish;English;Russian	Swedish	     2
fin;swe;fre;tib	 4	TRUE	Finnish;Swedish;French;Tibetan	Finnish	     2
fin;rus;eng;spa	 4	TRUE	Finnish;Russian;English;Spanish	Finnish	     2
tur;eng	 2	TRUE	Turkish;English	Turkish	     2
swe;fre;ger;rus	 4	TRUE	Swedish;French;German;Russian	Swedish	     2
swe;ger;fre;rus;lat;eng	 6	TRUE	Swedish;German;French;Russian;Latin;English	Swedish	     2
swe;eng;fin;ger	 4	TRUE	Swedish;English;Finnish;German	Swedish	     2
fin;eng;ger;rus;hun	 5	TRUE	Finnish;English;German;Russian;Hungarian	Finnish	     2
hun;eng;fin	 3	TRUE	Hungarian;English;Finnish	Hungarian	     2
fin;eng;hun;ger	 4	TRUE	Finnish;English;Hungarian;German	Finnish	     1
pol;fin;est	 3	TRUE	Polish;Finnish;Estonian	Polish	     1
fin;swe;ger;eng;lat	 5	TRUE	Finnish;Swedish;German;English;Latin	Finnish	     1
fin;swe;dan;nor;yid	 5	TRUE	Finnish;Swedish;Danish;Norwegian;Yiddish	Finnish	     1
ger;tur	 2	TRUE	German;Turkish	German	     1
fiu;fin;rus	 3	TRUE	Finno-Ugrian (Other);Finnish;Russian	Finno-Ugrian (Other)	     1
xho	 1	FALSE	Xhosa	Xhosa	     1
tib	 1	FALSE	Tibetan	Tibetan	     1
fre;mul	 2	TRUE	French;Multiple languages	French	     1
swa;und	 2	TRUE	Swahili;Undetermined	Swahili	     1
fin;eng;est;ger;rus	 5	TRUE	Finnish;English;Estonian;German;Russian	Finnish	     1
fin;swe;dan;eng;ger;fre;rus;spa;est	 9	TRUE	Finnish;Swedish;Danish;English;German;French;Russian;Spanish;Estonian	Finnish	     1
fin;swe;ger;fre;spa	 5	TRUE	Finnish;Swedish;German;French;Spanish	Finnish	     1
fin;sla	 2	TRUE	Finnish;Slavic (Other)	Finnish	     1
fin;eng;spa;ita	 4	TRUE	Finnish;English;Spanish;Italian	Finnish	     1
fin;eng;rus;ger;fre;srp;fin	 6	TRUE	Finnish;English;Russian;German;French;Serbian	Finnish	     1
fin;sme;smn;sms	 4	TRUE	Finnish;Northern Sami;Inari Sami;Skolt Sami	Finnish	     1
fin;swe;dan;eng;ger;fre;spa;ita;por	 9	TRUE	Finnish;Swedish;Danish;English;German;French;Spanish;Italian;Portuguese	Finnish	     1
fin;eng;ger;fre;chi	 5	TRUE	Finnish;English;German;French;Chinese	Finnish	     1
fin;myv;mdf	 3	TRUE	Finnish;Erzya;Moksha	Finnish	     1
fre;lit	 2	TRUE	French;Lithuanian	French	     1
cat;fin	 2	TRUE	Catalan;Finnish	Catalan	     1
fin;swe;eng;ger;fla;por	 5	TRUE	Finnish;Swedish;English;German;Portuguese	Finnish	     1
fin;swe;eng;swa	 4	TRUE	Finnish;Swedish;English;Swahili	Finnish	     1
eng;spa;n	 2	TRUE	English;Spanish	English	     1
swe;lav	 2	TRUE	Swedish;Latvian	Swedish	     1
fin;gar	 1	FALSE	Finnish	Finnish	     1
fin;eng;ger;mul	 4	TRUE	Finnish;English;German;Multiple languages	Finnish	     1
fre;nor	 2	TRUE	French;Norwegian	French	     1
rus;eng;fre;fin	 4	TRUE	Russian;English;French;Finnish	Russian	     1
fre;smi	 2	TRUE	French;Sami	French	     1
est;krl	 2	TRUE	Estonian;Karelian	Estonian	     1
rus;eng;fin;fre	 4	TRUE	Russian;English;Finnish;French	Russian	     1
rus;grc	 2	TRUE	Russian;Greek, Ancient (to 1453)	Russian	     1
eng;ger;lit	 3	TRUE	English;German;Lithuanian	English	     1
fin;eng;ger;rus;est;fiu	 6	TRUE	Finnish;English;German;Russian;Estonian;Finno-Ugrian (Other)	Finnish	     1
mol	 1	FALSE	Moldavian	Moldavian	     1
rus;ger;eng;fin	 4	TRUE	Russian;German;English;Finnish	Russian	     1
swe;vot	 2	TRUE	Swedish;Votic	Swedish	     1
lat;tur	 2	TRUE	Latin;Turkish	Latin	     1
tam	 1	FALSE	Tamil	Tamil	     1
fin;eng;est;fre;ger;ita;rus;spa;swe	 9	TRUE	Finnish;English;Estonian;French;German;Italian;Russian;Spanish;Swedish	Finnish	     1
fin;ndo	 2	TRUE	Finnish;Ndonga	Finnish	     1
swe;ara;per;tur	 4	TRUE	Swedish;Arabic;Persian;Turkish	Swedish	     1
spa;baq;cat	 3	TRUE	Spanish;Basque;Catalan	Spanish	     1
eng;ger;fre;rus	 4	TRUE	English;German;French;Russian	English	     1
ukr;rus	 2	TRUE	Ukrainian;Russian	Ukrainian	     1
swe;smi;nor	 3	TRUE	Swedish;Sami;Norwegian	Swedish	     1
ger;akk	 2	TRUE	German;Akkadian	German	     1
fin;swe;est;eng;rus;ger	 6	TRUE	Finnish;Swedish;Estonian;English;Russian;German	Finnish	     1
ger;fre;eng;spa	 4	TRUE	German;French;English;Spanish	German	     1
fin;rus;und	 3	TRUE	Finnish;Russian;Undetermined	Finnish	     1
fin;urd	 2	TRUE	Finnish;Urdu	Finnish	     1
fin;swe;ice	 3	TRUE	Finnish;Swedish;Icelandic	Finnish	     1
fin;eng;ger;rus;swe	 5	TRUE	Finnish;English;German;Russian;Swedish	Finnish	     1
fin;swe;ara	 3	TRUE	Finnish;Swedish;Arabic	Finnish	     1
gre;swe	 2	TRUE	Greek, Modern (1453-);Swedish	Greek, Modern (1453-)	     1
epo;rus	 2	TRUE	Esperanto;Russian	Esperanto	     1
fin;est;gre;ita;por;rus;spa	 7	TRUE	Finnish;Estonian;Greek, Modern (1453-);Italian;Portuguese;Russian;Spanish	Finnish	     1
swe;dan;fin;eng	 4	TRUE	Swedish;Danish;Finnish;English	Swedish	     1
fin;dut;eng	 3	TRUE	Finnish;Dutch;English	Finnish	     1
fin;ara;per;pus;som;kur	 6	TRUE	Finnish;Arabic;Persian;Pushto;Somali;Kurdish	Finnish	     1
fin;ger;eng;swe	 4	TRUE	Finnish;German;English;Swedish	Finnish	     1
mal	 1	FALSE	Malayalam	Malayalam	     1
lat;fre;grc	 3	TRUE	Latin;French;Greek, Ancient (to 1453)	Latin	     1
lat;fin;fre;swe	 4	TRUE	Latin;Finnish;French;Swedish	Latin	     1
lat;heb;grc;swe;fin	 5	TRUE	Latin;Hebrew;Greek, Ancient (to 1453);Swedish;Finnish	Latin	     1
lat;grc;heb;swe;fin	 5	TRUE	Latin;Greek, Ancient (to 1453);Hebrew;Swedish;Finnish	Latin	     1
fin;jap	 1	FALSE	Finnish	Finnish	     1
est;rus;eng;ger;fin	 5	TRUE	Estonian;Russian;English;German;Finnish	Estonian	     1
fin;eng;fre;spa;swe	 5	TRUE	Finnish;English;French;Spanish;Swedish	Finnish	     1
fin;swe;dan;ice;nor;eng;fre	 7	TRUE	Finnish;Swedish;Danish;Icelandic;Norwegian;English;French	Finnish	     1
fin;swe;eng;rus;pol	 5	TRUE	Finnish;Swedish;English;Russian;Polish	Finnish	     1
swe;por	 2	TRUE	Swedish;Portuguese	Swedish	     1
fin;swe;nor;dan;eng	 5	TRUE	Finnish;Swedish;Norwegian;Danish;English	Finnish	     1
fin;swe;eng;fre;wol	 5	TRUE	Finnish;Swedish;English;French;Wolof	Finnish	     1
swe;eng;fre;ger;fin;rus	 6	TRUE	Swedish;English;French;German;Finnish;Russian	Swedish	     1
fin;eng;ice	 3	TRUE	Finnish;English;Icelandic	Finnish	     1
fin;hin	 2	TRUE	Finnish;Hindi	Finnish	     1
kon	 1	FALSE	Kongo	Kongo	     1
fin;som;eng	 3	TRUE	Finnish;Somali;English	Finnish	     1
fin;jpn;eng	 3	TRUE	Finnish;Japanese;English	Finnish	     1
eng;swe;fre	 3	TRUE	English;Swedish;French	English	     1
swe;nor;eng;ger;fre;dut	 6	TRUE	Swedish;Norwegian;English;German;French;Dutch	Swedish	     1
swe;lat;fre;grc	 4	TRUE	Swedish;Latin;French;Greek, Ancient (to 1453)	Swedish	     1
lat;grc;swe;fin;ger;dut;ita	 7	TRUE	Latin;Greek, Ancient (to 1453);Swedish;Finnish;German;Dutch;Italian	Latin	     1
fin;dan;nor;swe;ice;eng;ger;fre	 8	TRUE	Finnish;Danish;Norwegian;Swedish;Icelandic;English;German;French	Finnish	     1
swe;fin;dan;ita;ger	 5	TRUE	Swedish;Finnish;Danish;Italian;German	Swedish	     1
ger;eng;fre;spa	 4	TRUE	German;English;French;Spanish	German	     1
fin;hun;ger;eng	 4	TRUE	Finnish;Hungarian;German;English	Finnish	     1
nor;smi;fin	 3	TRUE	Norwegian;Sami;Finnish	Norwegian	     1
fin;swe;smi;dan;nor;ger;est;lav;lit;pol	10	TRUE	Finnish;Swedish;Sami;Danish;Norwegian;German;Estonian;Latvian;Lithuanian;Polish	Finnish	     1
myv;eng;rus	 3	TRUE	Erzya;English;Russian	Erzya	     1
kik	 1	FALSE	Kikuyu	Kikuyu	     1
ger;eng;swe	 3	TRUE	German;English;Swedish	German	     1
jpn;smi	 2	TRUE	Japanese;Sami	Japanese	     1
ger;swe;eng	 3	TRUE	German;Swedish;English	German	     1
fin;swe;smi;eng;fre	 5	TRUE	Finnish;Swedish;Sami;English;French	Finnish	     1
eng;fre;ger;dut	 4	TRUE	English;French;German;Dutch	English	     1
fin;swe;ger;lav;lit;pol	 6	TRUE	Finnish;Swedish;German;Latvian;Lithuanian;Polish	Finnish	     1
ger;chm	 2	TRUE	German;Mari	German	     1
dan;fin;smi;nor;swe;eng	 6	TRUE	Danish;Finnish;Sami;Norwegian;Swedish;English	Danish	     1
fao;nor;eng	 3	TRUE	Faroese;Norwegian;English	Faroese	     1
eng;dan;fin;swe;ice;ger;fre;rus;spa;dut;gre;hun;nds;pol	14	TRUE	English;Danish;Finnish;Swedish;Icelandic;German;French;Russian;Spanish;Dutch;Greek, Modern (1453-);Hungarian;Low German;Polish	English	     1
fin;eng;ger;rus;est	 5	TRUE	Finnish;English;German;Russian;Estonian	Finnish	     1
mdf;fin	 2	TRUE	Moksha;Finnish	Moksha	     1
swe;fin;dan;nor;eng;ger;fre	 7	TRUE	Swedish;Finnish;Danish;Norwegian;English;German;French	Swedish	     1
cze;eng;fin	 3	TRUE	Czech;English;Finnish	Czech	     1
krl;fiu	 2	TRUE	Karelian;Finno-Ugrian (Other)	Karelian	     1
fin;eng;fre;ger;rus;swe	 6	TRUE	Finnish;English;French;German;Russian;Swedish	Finnish	     1
uzb	 1	FALSE	Uzbek	Uzbek	     1
swe;non	 2	TRUE	Swedish;Old Norse	Swedish	     1
rus;mul	 2	TRUE	Russian;Multiple languages	Russian	     1
fin;krl;fiu;fiu	 3	TRUE	Finnish;Karelian;Finno-Ugrian (Other)	Finnish	     1
hun;fin;est	 3	TRUE	Hungarian;Finnish;Estonian	Hungarian	     1
fiu;fre	 2	TRUE	Finno-Ugrian (Other);French	Finno-Ugrian (Other)	     1
fin;swe;hun;fre	 4	TRUE	Finnish;Swedish;Hungarian;French	Finnish	     1
fin;swe;dan;nor;ger	 5	TRUE	Finnish;Swedish;Danish;Norwegian;German	Finnish	     1
fin;swe;fre;ger;eng	 5	TRUE	Finnish;Swedish;French;German;English	Finnish	     1
khm	 1	FALSE	Khmer	Khmer	     1
lao	 1	FALSE	Lao	Lao	     1
fin;est;ger;fre	 4	TRUE	Finnish;Estonian;German;French	Finnish	     1
fin;swe;eng;fre;rus;ger;dut;ita;spa;por	10	TRUE	Finnish;Swedish;English;French;Russian;German;Dutch;Italian;Spanish;Portuguese	Finnish	     1
ger;sem	 2	TRUE	German;Semitic (Other)	German	     1
swe;ger;dan	 3	TRUE	Swedish;German;Danish	Swedish	     1
est;ger;rus	 3	TRUE	Estonian;German;Russian	Estonian	     1
est;rus;ger	 3	TRUE	Estonian;Russian;German	Estonian	     1
ger;nor;fin	 3	TRUE	German;Norwegian;Finnish	German	     1
lat;syc	 2	TRUE	Latin;Syriac	Latin	     1
eng;fin;swe;ita	 4	TRUE	English;Finnish;Swedish;Italian	English	     1
swe;eng;tha	 3	TRUE	Swedish;English;Thai	Swedish	     1
fin;eng;ger;fre;hun	 5	TRUE	Finnish;English;German;French;Hungarian	Finnish	     1
eng;fin;est	 3	TRUE	English;Finnish;Estonian	English	     1
eng;spa;por	 3	TRUE	English;Spanish;Portuguese	English	     1
sme;rus	 2	TRUE	Northern Sami;Russian	Northern Sami	     1
smi;sme;fin;nor	 4	TRUE	Sami;Northern Sami;Finnish;Norwegian	Sami	     1
eng;ita;por	 3	TRUE	English;Italian;Portuguese	English	     1
swe;gre	 2	TRUE	Swedish;Greek, Modern (1453-)	Swedish	     1
swe;eng;ger;fre;spa;rus;est;ita;nor;dut	10	TRUE	Swedish;English;German;French;Spanish;Russian;Estonian;Italian;Norwegian;Dutch	Swedish	     1
tlh;fin	 2	TRUE	Klingon (Artificial language);Finnish	Klingon (Artificial language)	     1
fin;eng;rus;chi	 4	TRUE	Finnish;English;Russian;Chinese	Finnish	     1
smi;eng;fin;swe;rus	 5	TRUE	Sami;English;Finnish;Swedish;Russian	Sami	     1
fin;eng;est;hun;ger;spa;swe;rus;smi;ice	10	TRUE	Finnish;English;Estonian;Hungarian;German;Spanish;Swedish;Russian;Sami;Icelandic	Finnish	     1
kor;fin	 2	TRUE	Korean;Finnish	Korean	     1
est;fin;ger	 3	TRUE	Estonian;Finnish;German	Estonian	     1
rus;fin;krl	 3	TRUE	Russian;Finnish;Karelian	Russian	     1
eng;ger;ita	 3	TRUE	English;German;Italian	English	     1
eng;dan;swe	 3	TRUE	English;Danish;Swedish	English	     1
fin;ger;spa	 3	TRUE	Finnish;German;Spanish	Finnish	     1
jpn;fin;eng	 3	TRUE	Japanese;Finnish;English	Japanese	     1
fin;ger;smi	 3	TRUE	Finnish;German;Sami	Finnish	     1
fin;swe;kal	 3	TRUE	Finnish;Swedish;Kal창tdlisut	Finnish	     1
nor;fin;eng	 3	TRUE	Norwegian;Finnish;English	Norwegian	     1
ger;ger	 1	FALSE	German	German	     1
eng;fre;ger;spa	 4	TRUE	English;French;German;Spanish	English	     1
rus;und	 2	TRUE	Russian;Undetermined	Russian	     1
fin;phi	 2	TRUE	Finnish;Philippine (Other)	Finnish	     1
enm	 1	FALSE	English, Middle (1100-1500)	English, Middle (1100-1500)	     1
fin;ukr;eng	 3	TRUE	Finnish;Ukrainian;English	Finnish	     1
fin;swe;eng;ger;fre;rus;spa;ita;jpa;chi	 9	TRUE	Finnish;Swedish;English;German;French;Russian;Spanish;Italian;Chinese	Finnish	     1
kwn	 0	FALSE	Undetermined	Undetermined	     1
fre;spa;ita;por	 4	TRUE	French;Spanish;Italian;Portuguese	French	     1
fin;eng;fre;ger;spa	 5	TRUE	Finnish;English;French;German;Spanish	Finnish	     1
sem	 1	FALSE	Semitic (Other)	Semitic (Other)	     1
swe;dan;fin;fao;ice;nor	 6	TRUE	Swedish;Danish;Finnish;Faroese;Icelandic;Norwegian	Swedish	     1
swe;eng;fre;dan;nor;fin	 6	TRUE	Swedish;English;French;Danish;Norwegian;Finnish	Swedish	     1
eng;ger;swe;nor;fin	 5	TRUE	English;German;Swedish;Norwegian;Finnish	English	     1
rus;eng;ger;fin	 4	TRUE	Russian;English;German;Finnish	Russian	     1
eng;ger;rus;hun;fin;est	 6	TRUE	English;German;Russian;Hungarian;Finnish;Estonian	English	     1
hun;fin;eng;ger;rus	 5	TRUE	Hungarian;Finnish;English;German;Russian	Hungarian	     1
hun;fin;eng;ger;fre;rus	 6	TRUE	Hungarian;Finnish;English;German;French;Russian	Hungarian	     1
slv;und	 2	TRUE	Slovenian;Undetermined	Slovenian	     1
fin;dut;hun;dut	 3	TRUE	Finnish;Dutch;Hungarian	Finnish	     1
eng;wel	 2	TRUE	English;Welsh	English	     1
dan;ice;nor;swe	 4	TRUE	Danish;Icelandic;Norwegian;Swedish	Danish	     1
srr	 1	FALSE	Serer	Serer	     1
ine;fin;eng	 3	TRUE	Indo-European (Other);Finnish;English	Indo-European (Other)	     1
eng;fin;swe;nor;dan	 5	TRUE	English;Finnish;Swedish;Norwegian;Danish	English	     1
dan;eng;fin;lat;nor;swe	 6	TRUE	Danish;English;Finnish;Latin;Norwegian;Swedish	Danish	     1
swe;eng;fre;spa;ger;dan;nor;fin;rus	 9	TRUE	Swedish;English;French;Spanish;German;Danish;Norwegian;Finnish;Russian	Swedish	     1
swe;eng;fre;ger;dan;fin	 6	TRUE	Swedish;English;French;German;Danish;Finnish	Swedish	     1
eng;ger;fre;por	 4	TRUE	English;German;French;Portuguese	English	     1
fin;eng;dan;swe	 4	TRUE	Finnish;English;Danish;Swedish	Finnish	     1
fin;swe;dan;eng;fre;ger;jpn;dut;rus;est	10	TRUE	Finnish;Swedish;Danish;English;French;German;Japanese;Dutch;Russian;Estonian	Finnish	     1
nor;swe;smi	 3	TRUE	Norwegian;Swedish;Sami	Norwegian	     1
fin;eng;swa	 3	TRUE	Finnish;English;Swahili	Finnish	     1
ger;rus;eng	 3	TRUE	German;Russian;English	German	     1
fin;eng;est;por;rus	 5	TRUE	Finnish;English;Estonian;Portuguese;Russian	Finnish	     1
dan;eng;fin	 3	TRUE	Danish;English;Finnish	Danish	     1
fin;ind;may	 3	TRUE	Finnish;Indonesian;Malay	Finnish	     1
bur;fin	 2	TRUE	Burmese;Finnish	Burmese	     1
fin;eng;krl	 3	TRUE	Finnish;English;Karelian	Finnish	     1
fin;swe;sme;mul	 4	TRUE	Finnish;Swedish;Northern Sami;Multiple languages	Finnish	     1
map;eng	 2	TRUE	Austronesian (Other);English	Austronesian (Other)	     1
urd	 1	FALSE	Urdu	Urdu	     1
ita;por	 2	TRUE	Italian;Portuguese	Italian	     1
fin;swe;dan;ice	 4	TRUE	Finnish;Swedish;Danish;Icelandic	Finnish	     1
fin;eng;rum	 3	TRUE	Finnish;English;Romanian	Finnish	     1
swe;tha	 2	TRUE	Swedish;Thai	Swedish	     1
fin;swe;eng;nor;dan	 5	TRUE	Finnish;Swedish;English;Norwegian;Danish	Finnish	     1
fin;swe;eng;fre;est;ger;rus	 7	TRUE	Finnish;Swedish;English;French;Estonian;German;Russian	Finnish	     1
fre;rus;ukr;pol;cze;slo;srp;ice;swe;ger;nds;dut;eng;spa;ita;gre;arm;fin;hun;tat;heb	21	TRUE	French;Russian;Ukrainian;Polish;Czech;Slovak;Serbian;Icelandic;Swedish;German;Low German;Dutch;English;Spanish;Italian;Greek, Modern (1453-);Armenian;Finnish;Hungarian;Tatar;Hebrew	French	     1
eng;fiu	 2	TRUE	English;Finno-Ugrian (Other)	English	     1
fin;eng;est;ger;rus;swe	 6	TRUE	Finnish;English;Estonian;German;Russian;Swedish	Finnish	     1
lat;ger;swe;fin	 4	TRUE	Latin;German;Swedish;Finnish	Latin	     1
heb;grc;lat	 3	TRUE	Hebrew;Greek, Ancient (to 1453);Latin	Hebrew	     1
fin;swe;dan;nor;eng;ger;fre	 7	TRUE	Finnish;Swedish;Danish;Norwegian;English;German;French	Finnish	     1
lat;eng;fre;ita;dut;grc	 6	TRUE	Latin;English;French;Italian;Dutch;Greek, Ancient (to 1453)	Latin	     1
fin;swe;fao	 3	TRUE	Finnish;Swedish;Faroese	Finnish	     1
fin;swe;fre;ger;ita	 5	TRUE	Finnish;Swedish;French;German;Italian	Finnish	     1
fin;cop	 2	TRUE	Finnish;Coptic	Finnish	     1
bul;eng	 2	TRUE	Bulgarian;English	Bulgarian	     1
rus;krl;fin	 3	TRUE	Russian;Karelian;Finnish	Russian	     1
fin;swe;nor;ger;lat	 5	TRUE	Finnish;Swedish;Norwegian;German;Latin	Finnish	     1
smi;sme;smn;sms	 4	TRUE	Sami;Northern Sami;Inari Sami;Skolt Sami	Sami	     1
fin;hrv;srp	 3	TRUE	Finnish;Croatian;Serbian	Finnish	     1
fin;swe;eng;ger;fre;epo	 6	TRUE	Finnish;Swedish;English;German;French;Esperanto	Finnish	     1
afa;fin	 2	TRUE	Afroasiatic (Other);Finnish	Afroasiatic (Other)	     1
ita;swe	 2	TRUE	Italian;Swedish	Italian	     1
fin;swe;smi;eng;fre;ger	 6	TRUE	Finnish;Swedish;Sami;English;French;German	Finnish	     1
eng;ger;spa;fre;ita;jpn	 6	TRUE	English;German;Spanish;French;Italian;Japanese	English	     1
smi;smn;sms	 3	TRUE	Sami;Inari Sami;Skolt Sami	Sami	     1
fin;eng;mul;swe	 4	TRUE	Finnish;English;Multiple languages;Swedish	Finnish	     1
mis;ger	 2	TRUE	Miscellaneous languages;German	Miscellaneous languages	     1
fin;und;ger	 3	TRUE	Finnish;Undetermined;German	Finnish	     1
swe;spa;swe	 2	TRUE	Swedish;Spanish	Swedish	     1
fin;eng;swe;ger;rus	 5	TRUE	Finnish;English;Swedish;German;Russian	Finnish	     1
fin;eng;tuk	 3	TRUE	Finnish;English;Turkmen	Finnish	     1
fin;eng;kir	 3	TRUE	Finnish;English;Kyrgyz	Finnish	     1
fin;eng;uzb	 3	TRUE	Finnish;English;Uzbek	Finnish	     1
fin;san;fin	 2	TRUE	Finnish;Sanskrit	Finnish	     1
lat;eng;fre;heb	 4	TRUE	Latin;English;French;Hebrew	Latin	     1
lat;gre;swe	 3	TRUE	Latin;Greek, Modern (1453-);Swedish	Latin	     1
fin;eng;nor;est	 4	TRUE	Finnish;English;Norwegian;Estonian	Finnish	     1
lat;ger;heb;fre;swe	 5	TRUE	Latin;German;Hebrew;French;Swedish	Latin	     1
gem;lat	 2	TRUE	Germanic (Other);Latin	Germanic (Other)	     1
lat;swe;eng;fre	 4	TRUE	Latin;Swedish;English;French	Latin	     1
lat;swe;ger;fre;fin;heb;grc	 7	TRUE	Latin;Swedish;German;French;Finnish;Hebrew;Greek, Ancient (to 1453)	Latin	     1
ori	 1	FALSE	Oriya	Oriya	     1
eng;fin;hun	 3	TRUE	English;Finnish;Hungarian	English	     1
swe;ice	 2	TRUE	Swedish;Icelandic	Swedish	     1
spa;eng;fre	 3	TRUE	Spanish;English;French	Spanish	     1
eng;spa;ger	 3	TRUE	English;Spanish;German	English	     1
swe;fin;nor;dan;ice	 5	TRUE	Swedish;Finnish;Norwegian;Danish;Icelandic	Swedish	     1
fin;afr	 2	TRUE	Finnish;Afrikaans	Finnish	     1
nor;fin;ger	 3	TRUE	Norwegian;Finnish;German	Norwegian	     1
fin;tat;eng	 3	TRUE	Finnish;Tatar;English	Finnish	     1
pol;ger	 2	TRUE	Polish;German	Polish	     1
fin;eng;ger;fre;swe	 5	TRUE	Finnish;English;German;French;Swedish	Finnish	     1
eng;ger;sme	 3	TRUE	English;German;Northern Sami	English	     1
ger;slo	 2	TRUE	German;Slovak	German	     1
engestfingerhunitalitlavnorpolrusswe	 0	FALSE	Undetermined	Undetermined	     1
swe;nor;dan;fin	 4	TRUE	Swedish;Norwegian;Danish;Finnish	Swedish	     1
swe;ger;fin;eng	 4	TRUE	Swedish;German;Finnish;English	Swedish	     1
ido;art;swe	 3	TRUE	Ido;Artificial (Other);Swedish	Ido	     1
udm;fin	 2	TRUE	Udmurt;Finnish	Udmurt	     1
ger;eng;rus	 3	TRUE	German;English;Russian	German	     1
ger;fre;dan	 3	TRUE	German;French;Danish	German	     1
ger;lat;grc	 3	TRUE	German;Latin;Greek, Ancient (to 1453)	German	     1
rus;hun	 2	TRUE	Russian;Hungarian	Russian	     1
fin;swe;hun	 3	TRUE	Finnish;Swedish;Hungarian	Finnish	     1
smi;nor;swe	 3	TRUE	Sami;Norwegian;Swedish	Sami	     1
est;rus;ger;eng;fin	 5	TRUE	Estonian;Russian;German;English;Finnish	Estonian	     1
gem;lat;eng	 3	TRUE	Germanic (Other);Latin;English	Germanic (Other)	     1
ger;ita;fre	 3	TRUE	German;Italian;French	German	     1
spa;cat	 2	TRUE	Spanish;Catalan	Spanish	     1
ger;akk;sux	 3	TRUE	German;Akkadian;Sumerian	German	     1
lat;swe;grc;heb	 4	TRUE	Latin;Swedish;Greek, Ancient (to 1453);Hebrew	Latin	     1
lat;eng;swe;fre	 4	TRUE	Latin;English;Swedish;French	Latin	     1
fin;dan;eng;ger;nor	 5	TRUE	Finnish;Danish;English;German;Norwegian	Finnish	     1
sme;eng	 2	TRUE	Northern Sami;English	Northern Sami	     1
swe;dan;nor;fin;eng;fre;ger	 7	TRUE	Swedish;Danish;Norwegian;Finnish;English;French;German	Swedish	     1
spa;por	 2	TRUE	Spanish;Portuguese	Spanish	     1
fin;ita;swe	 3	TRUE	Finnish;Italian;Swedish	Finnish	     1
fin;eng;ger;spa;rup;lit;pol	 7	TRUE	Finnish;English;German;Spanish;Aromanian;Lithuanian;Polish	Finnish	     1
fin;lat;grc	 3	TRUE	Finnish;Latin;Greek, Ancient (to 1453)	Finnish	     1
fin;nor;dan	 3	TRUE	Finnish;Norwegian;Danish	Finnish	     1
fin;swe;est;eng;ger;fre;rus;lit;lav	 9	TRUE	Finnish;Swedish;Estonian;English;German;French;Russian;Lithuanian;Latvian	Finnish	     1
hun;eng;ita	 3	TRUE	Hungarian;English;Italian	Hungarian	     1
fin;hun;ger	 3	TRUE	Finnish;Hungarian;German	Finnish	     1
fin;fre;swe;rus	 4	TRUE	Finnish;French;Swedish;Russian	Finnish	     1
fin;eng;gre	 3	TRUE	Finnish;English;Greek, Modern (1453-)	Finnish	     1
fin;ger;pol	 3	TRUE	Finnish;German;Polish	Finnish	     1
swe;pol	 2	TRUE	Swedish;Polish	Swedish	     1
oss	 1	FALSE	Ossetic	Ossetic	     1
mis	 1	FALSE	Miscellaneous languages	Miscellaneous languages	     1
fin;swe;ara;lin;som;tur	 6	TRUE	Finnish;Swedish;Arabic;Lingala;Somali;Turkish	Finnish	     1
fin;swe;eng;est;ger;lav;lit;pol;rus	 9	TRUE	Finnish;Swedish;English;Estonian;German;Latvian;Lithuanian;Polish;Russian	Finnish	     1
cze;swe	 2	TRUE	Czech;Swedish	Czech	     1
swe;eng;fre;ger;fin	 5	TRUE	Swedish;English;French;German;Finnish	Swedish	     1
fin;fre;lat	 3	TRUE	Finnish;French;Latin	Finnish	     1
ger;eng;spa	 3	TRUE	German;English;Spanish	German	     1
fin;ger;ita;eng;lat	 5	TRUE	Finnish;German;Italian;English;Latin	Finnish	     1
swe;run	 2	TRUE	Swedish;Rundi	Swedish	     1
fin;eng;jpn;por;rus	 5	TRUE	Finnish;English;Japanese;Portuguese;Russian	Finnish	     1
fin;hun;ita	 3	TRUE	Finnish;Hungarian;Italian	Finnish	     1
ind;fin	 2	TRUE	Indonesian;Finnish	Indonesian	     1
tur;ger	 2	TRUE	Turkish;German	Turkish	     1
ger;cze	 2	TRUE	German;Czech	German	     1
eng;heb;grc	 3	TRUE	English;Hebrew;Greek, Ancient (to 1453)	English	     1
fin;ger;lit	 3	TRUE	Finnish;German;Lithuanian	Finnish	     1
ice;fin;eng;ger	 4	TRUE	Icelandic;Finnish;English;German	Icelandic	     1
swe;eng;fre;spa;ger;fin	 6	TRUE	Swedish;English;French;Spanish;German;Finnish	Swedish	     1
eng;gre;mak	 3	TRUE	English;Greek, Modern (1453-);Makasar	English	     1
eng;ger;fre;spa	 4	TRUE	English;German;French;Spanish	English	     1
tat;ara	 2	TRUE	Tatar;Arabic	Tatar	     1
dan;swe;eng;ger	 4	TRUE	Danish;Swedish;English;German	Danish	     1
nor;fin;swe;dan	 4	TRUE	Norwegian;Finnish;Swedish;Danish	Norwegian	     1
fin;est;pol;rus	 4	TRUE	Finnish;Estonian;Polish;Russian	Finnish	     1
fin;hun;rus	 3	TRUE	Finnish;Hungarian;Russian	Finnish	     1
nor;swe;dan;eng	 4	TRUE	Norwegian;Swedish;Danish;English	Norwegian	     1
tat;fin	 2	TRUE	Tatar;Finnish	Tatar	     1
fin;dan;nor;swe;eng;fre;ger	 7	TRUE	Finnish;Danish;Norwegian;Swedish;English;French;German	Finnish	     1
swe;fin;hrv;gre;spa;eng;fre	 7	TRUE	Swedish;Finnish;Croatian;Greek, Modern (1453-);Spanish;English;French	Swedish	     1
fin;eng;ger;lav	 4	TRUE	Finnish;English;German;Latvian	Finnish	     1
dan;eng;swe;nor	 4	TRUE	Danish;English;Swedish;Norwegian	Danish	     1
swe;fin;dan;nor	 4	TRUE	Swedish;Finnish;Danish;Norwegian	Swedish	     1
nor;swe;eng	 3	TRUE	Norwegian;Swedish;English	Norwegian	     1
eng;fre;pol	 3	TRUE	English;French;Polish	English	     1
epo;eng;rus	 3	TRUE	Esperanto;English;Russian	Esperanto	     1
ger;kom	 2	TRUE	German;Komi	German	     1
fin;eng;ger;fre;ita;spa	 6	TRUE	Finnish;English;German;French;Italian;Spanish	Finnish	     1
sla	 1	FALSE	Slavic (Other)	Slavic (Other)	     1
eng;fre;ger;spa;swe;fin	 6	TRUE	English;French;German;Spanish;Swedish;Finnish	English	     1
swe;fiu;fin	 3	TRUE	Swedish;Finno-Ugrian (Other);Finnish	Swedish	     1
chi;fin;eng	 3	TRUE	Chinese;Finnish;English	Chinese	     1
fre;spa;ita;jpn	 4	TRUE	French;Spanish;Italian;Japanese	French	     1
swe;dan;fin	 3	TRUE	Swedish;Danish;Finnish	Swedish	     1
fin;vot	 2	TRUE	Finnish;Votic	Finnish	     1
fin;swe;dan;nor;eng;ger	 6	TRUE	Finnish;Swedish;Danish;Norwegian;English;German	Finnish	     1
fin;eng;est;fre;ger;swe	 6	TRUE	Finnish;English;Estonian;French;German;Swedish	Finnish	     1
fin;eng;swe;ger;fre;por;spa;rus	 8	TRUE	Finnish;English;Swedish;German;French;Portuguese;Spanish;Russian	Finnish	     1
fin;dan;nor;swe;ice	 5	TRUE	Finnish;Danish;Norwegian;Swedish;Icelandic	Finnish	     1
fin;bre	 2	TRUE	Finnish;Breton	Finnish	     1
tig	 1	FALSE	Tigr챕	Tigr챕	     1
swe;eng;dut;fre	 4	TRUE	Swedish;English;Dutch;French	Swedish	     1
tur;und;fin	 3	TRUE	Turkish;Undetermined;Finnish	Turkish	     1
swe;fin;nor;eng;fre	 5	TRUE	Swedish;Finnish;Norwegian;English;French	Swedish	     1
eng;fin;ger;fre	 4	TRUE	English;Finnish;German;French	English	     1
fin;pol;fre	 3	TRUE	Finnish;Polish;French	Finnish	     1
swe;fre;rus	 3	TRUE	Swedish;French;Russian	Swedish	     1
ben	 1	FALSE	Bengali	Bengali	     1
rus;epo;por;fin	 4	TRUE	Russian;Esperanto;Portuguese;Finnish	Russian	     1
smn;smi	 2	TRUE	Inari Sami;Sami	Inari Sami	     1
smn;sme;sms;smi;fin	 5	TRUE	Inari Sami;Northern Sami;Skolt Sami;Sami;Finnish	Inari Sami	     1
fin;eng;swe;dan	 4	TRUE	Finnish;English;Swedish;Danish	Finnish	     1
swe;dut	 2	TRUE	Swedish;Dutch	Swedish	     1
swe;alb	 2	TRUE	Swedish;Albanian	Swedish	     1
fin;grc;heb	 3	TRUE	Finnish;Greek, Ancient (to 1453);Hebrew	Finnish	     1
eng;grc;heb	 3	TRUE	English;Greek, Ancient (to 1453);Hebrew	English	     1
fin;swe;nor;dan;ice;eng	 6	TRUE	Finnish;Swedish;Norwegian;Danish;Icelandic;English	Finnish	     1
fre;ita;fin	 3	TRUE	French;Italian;Finnish	French	     1
swe;eng;ger;jpn;rus	 5	TRUE	Swedish;English;German;Japanese;Russian	Swedish	     1
lat;ger;fin	 3	TRUE	Latin;German;Finnish	Latin	     1
fin;swe;jpn	 3	TRUE	Finnish;Swedish;Japanese	Finnish	     1
kor;eng	 2	TRUE	Korean;English	Korean	     1
gle	 1	FALSE	Irish	Irish	     1
kaz	 1	FALSE	Kazakh	Kazakh	     1
fin;swe;eng;fre;spa	 5	TRUE	Finnish;Swedish;English;French;Spanish	Finnish	     1
fin;swe;eng;ger;fre;ita;spa;por	 8	TRUE	Finnish;Swedish;English;German;French;Italian;Spanish;Portuguese	Finnish	     1
mul;eng;ger;dut;spa	 5	TRUE	Multiple languages;English;German;Dutch;Spanish	Multiple languages	     1
mul;fin	 2	TRUE	Multiple languages;Finnish	Multiple languages	     1
fin;ita;kur;per;som	 5	TRUE	Finnish;Italian;Kurdish;Persian;Somali	Finnish	     1
fin;smi;rus;alb;ara;chi;kur;per;som;tha;vie	11	TRUE	Finnish;Sami;Russian;Albanian;Arabic;Chinese;Kurdish;Persian;Somali;Thai;Vietnamese	Finnish	     1
fin;spa;smi	 3	TRUE	Finnish;Spanish;Sami	Finnish	     1
hrv;eng	 2	TRUE	Croatian;English	Croatian	     1
spa;ara	 2	TRUE	Spanish;Arabic	Spanish	     1
spa;chi	 2	TRUE	Spanish;Chinese	Spanish	     1
eng;may	 2	TRUE	English;Malay	English	     1
eng;hin	 2	TRUE	English;Hindi	English	     1
ger;eng;rus;fin;hun;swe	 6	TRUE	German;English;Russian;Finnish;Hungarian;Swedish	German	     1
spa;hin	 2	TRUE	Spanish;Hindi	Spanish	     1
eng;kaz	 2	TRUE	English;Kazakh	English	     1
eng;fin;jpn	 3	TRUE	English;Finnish;Japanese	English	     1
mar	 1	FALSE	Marathi	Marathi	     1
swe;dan;nob	 3	TRUE	Swedish;Danish;Norwegian (Bokm책l)	Swedish	     1
fin;swe;dan;fao;kal;ice;smi;nor	 8	TRUE	Finnish;Swedish;Danish;Faroese;Kal창tdlisut;Icelandic;Sami;Norwegian	Finnish	     1
fin;swe;ger;eng;fre	 5	TRUE	Finnish;Swedish;German;English;French	Finnish	     1
ger;ara	 2	TRUE	German;Arabic	German	     1
ful	 1	FALSE	Fula	Fula	     1
ger;eng;fin;fre	 4	TRUE	German;English;Finnish;French	German	     1
fin;alb;bul;cze;eng;fre;ger;hun;pol;rum;rus;spa	12	TRUE	Finnish;Albanian;Bulgarian;Czech;English;French;German;Hungarian;Polish;Romanian;Russian;Spanish	Finnish	     1
swe;rus;nor	 3	TRUE	Swedish;Russian;Norwegian	Swedish	     1
fin;est;rus;swe	 4	TRUE	Finnish;Estonian;Russian;Swedish	Finnish	     1
rus;eng;ger;fre;hun;fin	 6	TRUE	Russian;English;German;French;Hungarian;Finnish	Russian	     1
hun;eng;ger;fre;rus	 5	TRUE	Hungarian;English;German;French;Russian	Hungarian	     1
eng;ger;tur	 3	TRUE	English;German;Turkish	English	     1
ger;mul	 2	TRUE	German;Multiple languages	German	     1
swe;fin;nor;dan;eng	 5	TRUE	Swedish;Finnish;Norwegian;Danish;English	Swedish	     1
ind;eng	 2	TRUE	Indonesian;English	Indonesian	     1
fin;swe;eng;rus;est	 5	TRUE	Finnish;Swedish;English;Russian;Estonian	Finnish	     1
fin;eng;est;ita	 4	TRUE	Finnish;English;Estonian;Italian	Finnish	     1
ita;eng;ger	 3	TRUE	Italian;English;German	Italian	     1
hun;fre	 2	TRUE	Hungarian;French	Hungarian	     1
san;fin	 2	TRUE	Sanskrit;Finnish	Sanskrit	     1
fin;eng;ger;hun	 4	TRUE	Finnish;English;German;Hungarian	Finnish	     1
fin;nor;rus	 3	TRUE	Finnish;Norwegian;Russian	Finnish	     1
fin;swe;rus;ger;eng	 5	TRUE	Finnish;Swedish;Russian;German;English	Finnish	     1
ger;eng;fre;swe;fin;est;hun;dut;pol;cze;ita;spa	12	TRUE	German;English;French;Swedish;Finnish;Estonian;Hungarian;Dutch;Polish;Czech;Italian;Spanish	German	     1
fin;rus;mul	 3	TRUE	Finnish;Russian;Multiple languages	Finnish	     1
sma	 1	FALSE	Southern Sami	Southern Sami	     1
nds	 1	FALSE	Low German	Low German	     1
hun;myv	 2	TRUE	Hungarian;Erzya	Hungarian	     1
fin;ita;rus;jpn	 4	TRUE	Finnish;Italian;Russian;Japanese	Finnish	     1
fin;nor;eng;ger	 4	TRUE	Finnish;Norwegian;English;German	Finnish	     1
eng;fre;akk	 3	TRUE	English;French;Akkadian	English	     1
kan	 1	FALSE	Kannada	Kannada	     1
fiu;sme	 2	TRUE	Finno-Ugrian (Other);Northern Sami	Finno-Ugrian (Other)	     1
fre;fin;ger	 3	TRUE	French;Finnish;German	French	     1
tha;eng	 2	TRUE	Thai;English	Thai	     1
swe;eng;ger;fre;chi	 5	TRUE	Swedish;English;German;French;Chinese	Swedish	     1
ger;mis	 2	TRUE	German;Miscellaneous languages	German	     1
fin;fre;eng;ger	 4	TRUE	Finnish;French;English;German	Finnish	     1
arc;eng;spa	 3	TRUE	Aramaic;English;Spanish	Aramaic	     1
spa;jpn;chi;fre;rus	 5	TRUE	Spanish;Japanese;Chinese;French;Russian	Spanish	     1
sme;mul	 2	TRUE	Northern Sami;Multiple languages	Northern Sami	     1
eng;swe;ger;fin	 4	TRUE	English;Swedish;German;Finnish	English	     1
eng;kom	 2	TRUE	English;Komi	English	     1
swe;gre;lat	 3	TRUE	Swedish;Greek, Modern (1453-);Latin	Swedish	     1
tat;eng	 2	TRUE	Tatar;English	Tatar	     1
fin;kal	 2	TRUE	Finnish;Kal창tdlisut	Finnish	     1
fin;swe;ger;dut;eng;rus;fre;spa	 8	TRUE	Finnish;Swedish;German;Dutch;English;Russian;French;Spanish	Finnish	     1
eng;ara;ber	 3	TRUE	English;Arabic;Berber (Other)	English	     1
fin;fiu;rus	 3	TRUE	Finnish;Finno-Ugrian (Other);Russian	Finnish	     1
nor;eng;swe	 3	TRUE	Norwegian;English;Swedish	Norwegian	     1
fin;ger;hun	 3	TRUE	Finnish;German;Hungarian	Finnish	     1
swe;dan;fao;fin;ice;nor	 6	TRUE	Swedish;Danish;Faroese;Finnish;Icelandic;Norwegian	Swedish	     1
fin;eng;arm	 3	TRUE	Finnish;English;Armenian	Finnish	     1
fin;eng;ger;nor;sme	 5	TRUE	Finnish;English;German;Norwegian;Northern Sami	Finnish	     1
swe;dan;ice	 3	TRUE	Swedish;Danish;Icelandic	Swedish	     1
fin;eng;est;fre;ger;rus;swe	 7	TRUE	Finnish;English;Estonian;French;German;Russian;Swedish	Finnish	     1
swe;fin;nor;eng	 4	TRUE	Swedish;Finnish;Norwegian;English	Swedish	     1
fin;eng;eng	 2	TRUE	Finnish;English	Finnish	     1
fin;swe;eng;jpn	 4	TRUE	Finnish;Swedish;English;Japanese	Finnish	     1
fin;lav;eng	 3	TRUE	Finnish;Latvian;English	Finnish	     1
ger;lat;swe	 3	TRUE	German;Latin;Swedish	German	     1
fin;swe;eng;lav	 4	TRUE	Finnish;Swedish;English;Latvian	Finnish	     1
mul;eng;swe;fin	 4	TRUE	Multiple languages;English;Swedish;Finnish	Multiple languages	     1
eng;fin;cze;hun;spa;ger;slv	 7	TRUE	English;Finnish;Czech;Hungarian;Spanish;German;Slovenian	English	     1
eng;fin;swe;rus	 4	TRUE	English;Finnish;Swedish;Russian	English	     1
swe;ger;fre;ara;lat	 5	TRUE	Swedish;German;French;Arabic;Latin	Swedish	     1
fin;swe;fit;mul	 3	TRUE	Finnish;Swedish;Multiple languages	Finnish	     1
fin;swe;fre;eng;ger	 5	TRUE	Finnish;Swedish;French;English;German	Finnish	     1
eng;ita;swe;fin	 4	TRUE	English;Italian;Swedish;Finnish	English	     1
eng;swe;dan	 3	TRUE	English;Swedish;Danish	English	     1
fin;swe;nor;dan;eng;ger;fre;dut	 8	TRUE	Finnish;Swedish;Norwegian;Danish;English;German;French;Dutch	Finnish	     1
mul;eng	 2	TRUE	Multiple languages;English	Multiple languages	     1
ara;fin;swe	 3	TRUE	Arabic;Finnish;Swedish	Arabic	     1
sux;fin	 2	TRUE	Sumerian;Finnish	Sumerian	     1
glg;fin	 2	TRUE	Galician;Finnish	Galician	     1
fin;eng;lat;swe	 4	TRUE	Finnish;English;Latin;Swedish	Finnish	     1
ton	 1	FALSE	Tongan	Tongan	     1
smi;sms;sme;fin	 4	TRUE	Sami;Skolt Sami;Northern Sami;Finnish	Sami	     1
lat;eng;fre;ger;swe	 5	TRUE	Latin;English;French;German;Swedish	Latin	     1
lat;grc;ger;swe	 4	TRUE	Latin;Greek, Ancient (to 1453);German;Swedish	Latin	     1
eng;ger;fre;spa;ita	 5	TRUE	English;German;French;Spanish;Italian	English	     1
bur	 1	FALSE	Burmese	Burmese	     1
fin;eng;est;fre;ger;ita;spa;swe	 8	TRUE	Finnish;English;Estonian;French;German;Italian;Spanish;Swedish	Finnish	     1
fin;swe;dan;nor;ger;est;lav;lit;pol;rus	10	TRUE	Finnish;Swedish;Danish;Norwegian;German;Estonian;Latvian;Lithuanian;Polish;Russian	Finnish	     1
fin;swe;eng;ger;spa;rus;est	 7	TRUE	Finnish;Swedish;English;German;Spanish;Russian;Estonian	Finnish	     1
ger;fre;swe;eng	 4	TRUE	German;French;Swedish;English	German	     1
fin;est;rus;eng	 4	TRUE	Finnish;Estonian;Russian;English	Finnish	     1
fin;swe;ger;fre;rus	 5	TRUE	Finnish;Swedish;German;French;Russian	Finnish	     1
smi;dan	 2	TRUE	Sami;Danish	Sami	     1
lat;rus;swe	 3	TRUE	Latin;Russian;Swedish	Latin	     1
lat;ger;swe;fre	 4	TRUE	Latin;German;Swedish;French	Latin	     1
lat;heb;eng	 3	TRUE	Latin;Hebrew;English	Latin	     1
lat;swe;heb;grc	 4	TRUE	Latin;Swedish;Hebrew;Greek, Ancient (to 1453)	Latin	     1
fin;ira	 2	TRUE	Finnish;Iranian (Other)	Finnish	     1
swe;eng;ger;fre;rus;ita	 6	TRUE	Swedish;English;German;French;Russian;Italian	Swedish	     1
fin;swe;eng;ger;fre;spa;rus;jpn;som;ara	10	TRUE	Finnish;Swedish;English;German;French;Spanish;Russian;Japanese;Somali;Arabic	Finnish	     1
fin;swe;smi;nor;rus	 5	TRUE	Finnish;Swedish;Sami;Norwegian;Russian	Finnish	     1
fin;krl;eng;rus	 4	TRUE	Finnish;Karelian;English;Russian	Finnish	     1
eng;ger;fre;rus;chi	 5	TRUE	English;German;French;Russian;Chinese	English	     1
fin;swe;eng;ger;fre;dut	 6	TRUE	Finnish;Swedish;English;German;French;Dutch	Finnish	     1
fin;rus;est;kom;krl;fiu	 6	TRUE	Finnish;Russian;Estonian;Komi;Karelian;Finno-Ugrian (Other)	Finnish	     1
fin;swe;eng;ger;spa;fre;rus	 7	TRUE	Finnish;Swedish;English;German;Spanish;French;Russian	Finnish	     1
fin;swe;dan;nor;ice;eng;ger	 7	TRUE	Finnish;Swedish;Danish;Norwegian;Icelandic;English;German	Finnish	     1
ger;bul	 2	TRUE	German;Bulgarian	German	     1
fin;eng;ger;fre;rus	 5	TRUE	Finnish;English;German;French;Russian	Finnish	     1
chm;kom;myv;udm	 4	TRUE	Mari;Komi;Erzya;Udmurt	Mari	     1
eng;afa	 2	TRUE	English;Afroasiatic (Other)	English	     1
swe;eng;ger;fre;jpn	 5	TRUE	Swedish;English;German;French;Japanese	Swedish	     1
fin;swe;eng;chi;ndo	 5	TRUE	Finnish;Swedish;English;Chinese;Ndonga	Finnish	     1
fin;swe;est;eng;ger;lav;rus	 7	TRUE	Finnish;Swedish;Estonian;English;German;Latvian;Russian	Finnish	     1
fin;swe;smi;eng;ger;fre	 6	TRUE	Finnish;Swedish;Sami;English;German;French	Finnish	     1
eng;fin;fin;eng	 2	TRUE	English;Finnish	English	     1
swe;nor;den	 3	TRUE	Swedish;Norwegian;Slavey	Swedish	     1
rus;swe;ger;fre	 4	TRUE	Russian;Swedish;German;French	Russian	     1
smi;nor;fin;eng;rus	 5	TRUE	Sami;Norwegian;Finnish;English;Russian	Sami	     1
fin;smi;nor;rus	 4	TRUE	Finnish;Sami;Norwegian;Russian	Finnish	     1
eng;chi;jpn	 3	TRUE	English;Chinese;Japanese	English	     1
fin;dan;ypk	 3	TRUE	Finnish;Danish;Yupik languages	Finnish	     1
kom;fin	 2	TRUE	Komi;Finnish	Komi	     1
fin;swe;eng;ger;est;rus	 6	TRUE	Finnish;Swedish;English;German;Estonian;Russian	Finnish	     1
eng;dan;fin;ice;nor;swe	 6	TRUE	English;Danish;Finnish;Icelandic;Norwegian;Swedish	English	     1
eng;mis	 2	TRUE	English;Miscellaneous languages	English	     1
smi;nor;eng	 3	TRUE	Sami;Norwegian;English	Sami	     1
fin;swe;eng;fre;ita	 5	TRUE	Finnish;Swedish;English;French;Italian	Finnish	     1
sme;nor	 2	TRUE	Northern Sami;Norwegian	Northern Sami	     1
swe;fin;eng;nor;dan;ice	 6	TRUE	Swedish;Finnish;English;Norwegian;Danish;Icelandic	Swedish	     1
fin;ita;fre	 3	TRUE	Finnish;Italian;French	Finnish	     1
sgn	 1	FALSE	Sign languages	Sign languages	     1
cze;eng	 2	TRUE	Czech;English	Czech	     1
eng;bur	 2	TRUE	English;Burmese	English	     1
ger;eng;cze;pol	 4	TRUE	German;English;Czech;Polish	German	     1
tuk	 1	FALSE	Turkmen	Turkmen	     1
fin;fil;tgl	 3	TRUE	Finnish;Filipino;Tagalog	Finnish	     1
mari	 0	FALSE	Undetermined	Undetermined	     1
por;umb	 2	TRUE	Portuguese;Umbundu	Portuguese	     1
rus;tat	 2	TRUE	Russian;Tatar	Russian	     1
eng;rus;tat	 3	TRUE	English;Russian;Tatar	English	     1
fin;swe;dan;nor;ice;eng;ger;fre;ita;spa	10	TRUE	Finnish;Swedish;Danish;Norwegian;Icelandic;English;German;French;Italian;Spanish	Finnish	     1
fin;eng;ger;fre;spa;dut	 6	TRUE	Finnish;English;German;French;Spanish;Dutch	Finnish	     1
fin;swe;eng;est;hun;rus	 6	TRUE	Finnish;Swedish;English;Estonian;Hungarian;Russian	Finnish	     1
fin;swe;cze;dut;eng;fre;ger;ita;por;spa	10	TRUE	Finnish;Swedish;Czech;Dutch;English;French;German;Italian;Portuguese;Spanish	Finnish	     1
alb;eng	 2	TRUE	Albanian;English	Albanian	     1
fin;eng;tai	 3	TRUE	Finnish;English;Tai (Other)	Finnish	     1
por;spa;fin	 3	TRUE	Portuguese;Spanish;Finnish	Portuguese	     1
fin;wel	 2	TRUE	Finnish;Welsh	Finnish	     1
fin;eng;swe;spa;ita;dut;fre;por;ger;rus;dan;est	12	TRUE	Finnish;English;Swedish;Spanish;Italian;Dutch;French;Portuguese;German;Russian;Danish;Estonian	Finnish	     1
fin;bos	 2	TRUE	Finnish;Bosnian	Finnish	     1
smn;sms;sme;fin;swe;swe	 5	TRUE	Inari Sami;Skolt Sami;Northern Sami;Finnish;Swedish	Inari Sami	     1
wol	 1	FALSE	Wolof	Wolof	     1
swe;ger;rus	 3	TRUE	Swedish;German;Russian	Swedish	     1
fin;eng;spa;rus	 4	TRUE	Finnish;English;Spanish;Russian	Finnish	     1
fin;ara;tat	 3	TRUE	Finnish;Arabic;Tatar	Finnish	     1
fin;swe;eng;spa;baq	 5	TRUE	Finnish;Swedish;English;Spanish;Basque	Finnish	     1
fin;srp;eng	 3	TRUE	Finnish;Serbian;English	Finnish	     1
eng;fin;ara;heb	 4	TRUE	English;Finnish;Arabic;Hebrew	English	     1
fin;swe;eng;fre;ita;por	 6	TRUE	Finnish;Swedish;English;French;Italian;Portuguese	Finnish	     1
kur;fin	 2	TRUE	Kurdish;Finnish	Kurdish	     1
fin;swe;ita;lat	 4	TRUE	Finnish;Swedish;Italian;Latin	Finnish	     1
fin;swe;eng;ger;rus;fin;swe;ger;eng;rus	 5	TRUE	Finnish;Swedish;English;German;Russian	Finnish	     1
fin;ara;fin;ara	 2	TRUE	Finnish;Arabic	Finnish	     1
glg;fin;ita;spa;hrv;chi	 6	TRUE	Galician;Finnish;Italian;Spanish;Croatian;Chinese	Galician	     1
fin;eng;kaz	 3	TRUE	Finnish;English;Kazakh	Finnish	     1
smi;swe;eng	 3	TRUE	Sami;Swedish;English	Sami	     1
swe;rus;fin;ger	 4	TRUE	Swedish;Russian;Finnish;German	Swedish	     1
rus;fin;swe;ger	 4	TRUE	Russian;Finnish;Swedish;German	Russian	     1
fin;swe;ger;dan	 4	TRUE	Finnish;Swedish;German;Danish	Finnish	     1
fin;swe;rus;eng;fre	 5	TRUE	Finnish;Swedish;Russian;English;French	Finnish	     1
fin;nor;ita	 3	TRUE	Finnish;Norwegian;Italian	Finnish	     1
eng;fre;ita	 3	TRUE	English;French;Italian	English	     1
fin;eng;hin	 3	TRUE	Finnish;English;Hindi	Finnish	     1
eng;fin;spa;ita;ger;fre;ara;per;rus;smi	10	TRUE	English;Finnish;Spanish;Italian;German;French;Arabic;Persian;Russian;Sami	English	     1
swe;lat;rus	 3	TRUE	Swedish;Latin;Russian	Swedish	     1
fre;eng;ara	 3	TRUE	French;English;Arabic	French	     1
fin;fin;ita	 2	TRUE	Finnish;Italian	Finnish	     1
fin;eng;lit	 3	TRUE	Finnish;English;Lithuanian	Finnish	     1
swe;fin;ger;rus	 4	TRUE	Swedish;Finnish;German;Russian	Swedish	     1
ukr;eng;rus	 3	TRUE	Ukrainian;English;Russian	Ukrainian	     1
chv;fin	 2	TRUE	Chuvash;Finnish	Chuvash	     1
smj;smi	 2	TRUE	Lule Sami;Sami	Lule Sami	     1
ibo	 1	FALSE	Igbo	Igbo	     1
eng;ger;fre;rus;spa;ita	 6	TRUE	English;German;French;Russian;Spanish;Italian	English	     1
chn	 1	FALSE	Chinook jargon	Chinook jargon	     1
ger;fiu;rus	 3	TRUE	German;Finno-Ugrian (Other);Russian	German	     1
eng;ger;fre;spa;cze;ita	 6	TRUE	English;German;French;Spanish;Czech;Italian	English	     1
swe;ger;fin;lat	 4	TRUE	Swedish;German;Finnish;Latin	Swedish	     1
swe;arc;lat	 3	TRUE	Swedish;Aramaic;Latin	Swedish	     1
lat;grc;eng;heb;swe	 5	TRUE	Latin;Greek, Ancient (to 1453);English;Hebrew;Swedish	Latin	     1
swe;smj	 2	TRUE	Swedish;Lule Sami	Swedish	     1
swe;lat;heb	 3	TRUE	Swedish;Latin;Hebrew	Swedish	     1
fin;eng;ger;fre;ita;lat	 6	TRUE	Finnish;English;German;French;Italian;Latin	Finnish	     1
fre;swe;fin	 3	TRUE	French;Swedish;Finnish	French	     1
swe;lat;ger;fre;ita	 5	TRUE	Swedish;Latin;German;French;Italian	Swedish	     1
lat;grc;syr	 3	TRUE	Latin;Greek, Ancient (to 1453);Syriac, Modern	Latin	     1
lat;syc;ger;heb;grc	 5	TRUE	Latin;Syriac;German;Hebrew;Greek, Ancient (to 1453)	Latin	     1
swe;fre;lat;ger	 4	TRUE	Swedish;French;Latin;German	Swedish	     1
swe;heb	 2	TRUE	Swedish;Hebrew	Swedish	     1
lat;grc;swe;ger	 4	TRUE	Latin;Greek, Ancient (to 1453);Swedish;German	Latin	     1
lat;swe;ger;grc	 4	TRUE	Latin;Swedish;German;Greek, Ancient (to 1453)	Latin	     1
fin;eng;slo	 3	TRUE	Finnish;English;Slovak	Finnish	     1
fin;swe;eng;ger;fre;spa;hun;rus;est	 9	TRUE	Finnish;Swedish;English;German;French;Spanish;Hungarian;Russian;Estonian	Finnish	     1
swe;jpn	 2	TRUE	Swedish;Japanese	Swedish	     1
fin;ger;eng;fre	 4	TRUE	Finnish;German;English;French	Finnish	     1
ger;und	 2	TRUE	German;Undetermined	German	     1
eng;rus;fre	 3	TRUE	English;Russian;French	English	     1
smi;nor;dan	 3	TRUE	Sami;Norwegian;Danish	Sami	     1
fre;fro	 2	TRUE	French;French, Old (ca. 842-1300)	French	     1
epo;fin;swe	 3	TRUE	Esperanto;Finnish;Swedish	Esperanto	     1
fin;hun;est	 3	TRUE	Finnish;Hungarian;Estonian	Finnish	     1
fin;jpn;swe;eng	 4	TRUE	Finnish;Japanese;Swedish;English	Finnish	     1
fin;swe;eng;ger;fre;rus;chi;est;jap	 8	TRUE	Finnish;Swedish;English;German;French;Russian;Chinese;Estonian	Finnish	     1
eng;spa;fre;rus;chi;ara	 6	TRUE	English;Spanish;French;Russian;Chinese;Arabic	English	     1
fin;swe;eng;ger;fre;ita	 6	TRUE	Finnish;Swedish;English;German;French;Italian	Finnish	     1
fin;swe;eng;ger;rus;jpn	 6	TRUE	Finnish;Swedish;English;German;Russian;Japanese	Finnish	     1
rus;est;fin	 3	TRUE	Russian;Estonian;Finnish	Russian	     1
eng;fin;kal	 3	TRUE	English;Finnish;Kal창tdlisut	English	     1
swe;eng;ger;fre;spa;rus;dut;ita	 8	TRUE	Swedish;English;German;French;Spanish;Russian;Dutch;Italian	Swedish	     1
smi;fin;eng;swe;rus	 5	TRUE	Sami;Finnish;English;Swedish;Russian	Sami	     1
fin;eng;smn	 3	TRUE	Finnish;English;Inari Sami	Finnish	     1
krl;fin;fiu	 3	TRUE	Karelian;Finnish;Finno-Ugrian (Other)	Karelian	     1
fin;haw	 2	TRUE	Finnish;Hawaiian	Finnish	     1
hun;ger	 2	TRUE	Hungarian;German	Hungarian	     1
fin;lat;swe;eng;ger;fre	 6	TRUE	Finnish;Latin;Swedish;English;German;French	Finnish	     1
rus;est	 2	TRUE	Russian;Estonian	Russian	     1
eng;fin;fre;ger;hun	 5	TRUE	English;Finnish;French;German;Hungarian	English	     1
fin;eng;urd	 3	TRUE	Finnish;English;Urdu	Finnish	     1
fin;eng;may	 3	TRUE	Finnish;English;Malay	Finnish	     1
swe;kur	 2	TRUE	Swedish;Kurdish	Swedish	     1
fin;eng;kur	 3	TRUE	Finnish;English;Kurdish	Finnish	     1
fin;eng;ira	 3	TRUE	Finnish;English;Iranian (Other)	Finnish	     1
fin;eng;geo	 3	TRUE	Finnish;English;Georgian	Finnish	     1
fin;eng;alb	 3	TRUE	Finnish;English;Albanian	Finnish	     1
fin;eng;vie	 3	TRUE	Finnish;English;Vietnamese	Finnish	     1
fin;eng;ind	 3	TRUE	Finnish;English;Indonesian	Finnish	     1
fin;eng;bel	 3	TRUE	Finnish;English;Belarusian	Finnish	     1
swe;ira	 2	TRUE	Swedish;Iranian (Other)	Swedish	     1
fin;eng;fre;ger;rus;spa;swe	 7	TRUE	Finnish;English;French;German;Russian;Spanish;Swedish	Finnish	     1
fin;fin;fin;fin	 1	FALSE	Finnish	Finnish	     1
fin;bel	 2	TRUE	Finnish;Belarusian	Finnish	     1
fin;eng;swe;ger;fre;est;rus	 7	TRUE	Finnish;English;Swedish;German;French;Estonian;Russian	Finnish	     1
art	 1	FALSE	Artificial (Other)	Artificial (Other)	     1
zxx;fin	 2	TRUE	No linguistic content;Finnish	No linguistic content	     1
swe;swe;eng;ger	 3	TRUE	Swedish;English;German	Swedish	     1
fin;swe;est;ger	 4	TRUE	Finnish;Swedish;Estonian;German	Finnish	     1
ger;est;eng;swe	 4	TRUE	German;Estonian;English;Swedish	German	     1
fin;eng;ger;swe;fre	 5	TRUE	Finnish;English;German;Swedish;French	Finnish	     1
fin;eng;fre;jpn	 4	TRUE	Finnish;English;French;Japanese	Finnish	     1
fin;eng;rus;ukr;bul	 5	TRUE	Finnish;English;Russian;Ukrainian;Bulgarian	Finnish	     1
khi	 1	FALSE	Khoisan (Other)	Khoisan (Other)	     1
roa;fin	 2	TRUE	Romance (Other);Finnish	Romance (Other)	     1
rus;jpn	 2	TRUE	Russian;Japanese	Russian	     1
fin;eng;rom	 3	TRUE	Finnish;English;Romani	Finnish	     1
fin;swe;eng;est;lav	 5	TRUE	Finnish;Swedish;English;Estonian;Latvian	Finnish	     1
rus;swe;fin	 3	TRUE	Russian;Swedish;Finnish	Russian	     1
fin;nor;eng;ita	 4	TRUE	Finnish;Norwegian;English;Italian	Finnish	     1
fin;eng;ger;fre;spa;ara;jpn	 7	TRUE	Finnish;English;German;French;Spanish;Arabic;Japanese	Finnish	     1
swe;eng;fre;ger;fin;nor	 6	TRUE	Swedish;English;French;German;Finnish;Norwegian	Swedish	     1
eng;ger;hun	 3	TRUE	English;German;Hungarian	English	     1
fin;ger;est	 3	TRUE	Finnish;German;Estonian	Finnish	     1
mul;eng;swe;ger;fin;rus	 6	TRUE	Multiple languages;English;Swedish;German;Finnish;Russian	Multiple languages	     1
roa;ger;ita	 3	TRUE	Romance (Other);German;Italian	Romance (Other)	     1
alb;fin;eng	 3	TRUE	Albanian;Finnish;English	Albanian	     1
eng;fin;fre;ger;ita;spa;swe	 7	TRUE	English;Finnish;French;German;Italian;Spanish;Swedish	English	     1
zxx	 1	FALSE	No linguistic content	No linguistic content	     1
eng;fin;swe;den;nor	 5	TRUE	English;Finnish;Swedish;Slavey;Norwegian	English	     1
sme;smn;sms;fin	 4	TRUE	Northern Sami;Inari Sami;Skolt Sami;Finnish	Northern Sami	     1
fin;kar	 2	TRUE	Finnish;Karen languages	Finnish	     1
eng;ita;spa;fre	 4	TRUE	English;Italian;Spanish;French	English	     1
fin;eng;est;fre;ger;rus;sme;spa;swe	 9	TRUE	Finnish;English;Estonian;French;German;Russian;Northern Sami;Spanish;Swedish	Finnish	     1
ger;mis;sel	 3	TRUE	German;Miscellaneous languages;Selkup	German	     1
hun;lat	 2	TRUE	Hungarian;Latin	Hungarian	     1
lat;est	 2	TRUE	Latin;Estonian	Latin	     1
smi;fin;swe	 3	TRUE	Sami;Finnish;Swedish	Sami	     1
fin;vie;swe	 3	TRUE	Finnish;Vietnamese;Swedish	Finnish	     1
por;eng;fin	 3	TRUE	Portuguese;English;Finnish	Portuguese	     1
smi;sme;nor;eng	 4	TRUE	Sami;Northern Sami;Norwegian;English	Sami	     1
fin;eng;tur	 3	TRUE	Finnish;English;Turkish	Finnish	     1
bos	 1	FALSE	Bosnian	Bosnian	     1
eng;rom;fin	 3	TRUE	English;Romani;Finnish	English	     1
lat;swe;ger;fre	 4	TRUE	Latin;Swedish;German;French	Latin	     1
est;eng;fin	 3	TRUE	Estonian;English;Finnish	Estonian	     1
fin;fin;ger	 2	TRUE	Finnish;German	Finnish	     1
smi;sme;fin;swe;rus	 5	TRUE	Sami;Northern Sami;Finnish;Swedish;Russian	Sami	     1
eng;rus;kom	 3	TRUE	English;Russian;Komi	English	     1
fin;swe;smi;nor	 4	TRUE	Finnish;Swedish;Sami;Norwegian	Finnish	     1
ukr;rus;dan;nor;fin;swe	 6	TRUE	Ukrainian;Russian;Danish;Norwegian;Finnish;Swedish	Ukrainian	     1
fiu;eng;fin	 3	TRUE	Finno-Ugrian (Other);English;Finnish	Finno-Ugrian (Other)	     1
epo;est	 2	TRUE	Esperanto;Estonian	Esperanto	     1
fin;spa;por;rus	 4	TRUE	Finnish;Spanish;Portuguese;Russian	Finnish	     1
fin;fre;ita;jpn	 4	TRUE	Finnish;French;Italian;Japanese	Finnish	     1
fin;eng;ger;est	 4	TRUE	Finnish;English;German;Estonian	Finnish	     1
ita;dan;fin;nor;swe	 5	TRUE	Italian;Danish;Finnish;Norwegian;Swedish	Italian	     1
eng;fin;ita	 3	TRUE	English;Finnish;Italian	English	     1
chv;eng;rus	 3	TRUE	Chuvash;English;Russian	Chuvash	     1
fin;sgn;mul	 3	TRUE	Finnish;Sign languages;Multiple languages	Finnish	     1
fin;eng;fiu	 3	TRUE	Finnish;English;Finno-Ugrian (Other)	Finnish	     1
fin;eng;fre;pol	 4	TRUE	Finnish;English;French;Polish	Finnish	     1
fre;hut	 1	FALSE	French	French	     1
fin;ita;eng;rus;jpn	 5	TRUE	Finnish;Italian;English;Russian;Japanese	Finnish	     1
eng;fin;ger;nor;swe	 5	TRUE	English;Finnish;German;Norwegian;Swedish	English	     1
lat;fre;swe;ger	 4	TRUE	Latin;French;Swedish;German	Latin	     1
lat;eng;fre;swe;ita	 5	TRUE	Latin;English;French;Swedish;Italian	Latin	     1
lat;fre;ger;swe	 4	TRUE	Latin;French;German;Swedish	Latin	     1
lat;swe;eng;fin	 4	TRUE	Latin;Swedish;English;Finnish	Latin	     1
lat;ger;fre;swe	 4	TRUE	Latin;German;French;Swedish	Latin	     1
eng;fin;kom	 3	TRUE	English;Finnish;Komi	English	     1
fin;swe;eng;dan;nor	 5	TRUE	Finnish;Swedish;English;Danish;Norwegian	Finnish	     1
lat;swe;fin;eng	 4	TRUE	Latin;Swedish;Finnish;English	Latin	     1
lat;fre;swe;grc	 4	TRUE	Latin;French;Swedish;Greek, Ancient (to 1453)	Latin	     1
lat;fin;grc	 3	TRUE	Latin;Finnish;Greek, Ancient (to 1453)	Latin	     1
eng;ice	 2	TRUE	English;Icelandic	English	     1
fin;dan;ice;nor;swe	 5	TRUE	Finnish;Danish;Icelandic;Norwegian;Swedish	Finnish	     1
fin;swe;eng;ger;est	 5	TRUE	Finnish;Swedish;English;German;Estonian	Finnish	     1
dut;ita	 2	TRUE	Dutch;Italian	Dutch	     1
nor;spa	 2	TRUE	Norwegian;Spanish	Norwegian	     1
nor;ita	 2	TRUE	Norwegian;Italian	Norwegian	     1
nor;fre	 2	TRUE	Norwegian;French	Norwegian	     1
dan;ita	 2	TRUE	Danish;Italian	Danish	     1
dan;fre	 2	TRUE	Danish;French	Danish	     1
fin;tib	 2	TRUE	Finnish;Tibetan	Finnish	     1
fin;eng;fre;ger;rus;smi;spa;swe	 8	TRUE	Finnish;English;French;German;Russian;Sami;Spanish;Swedish	Finnish	     1
ara;swe	 2	TRUE	Arabic;Swedish	Arabic	     1
fao;dan;eng	 3	TRUE	Faroese;Danish;English	Faroese	     1
san	 1	FALSE	Sanskrit	Sanskrit	     1
swe;per;eng;fin	 4	TRUE	Swedish;Persian;English;Finnish	Swedish	     1
eng;slo	 2	TRUE	English;Slovak	English	     1
ara;tat	 2	TRUE	Arabic;Tatar	Arabic	     1
eng;fin;chi	 3	TRUE	English;Finnish;Chinese	English	     1
und;fin	 2	TRUE	Undetermined;Finnish	Undetermined	     1
rus;smi	 2	TRUE	Russian;Sami	Russian	     1
fin;est;epo	 3	TRUE	Finnish;Estonian;Esperanto	Finnish	     1
fin;dut;epo	 3	TRUE	Finnish;Dutch;Esperanto	Finnish	     1
fin;rus;epo	 3	TRUE	Finnish;Russian;Esperanto	Finnish	     1
fin;pol;epo	 3	TRUE	Finnish;Polish;Esperanto	Finnish	     1
fin;eng;epo	 3	TRUE	Finnish;English;Esperanto	Finnish	     1
fin;spa;epo	 3	TRUE	Finnish;Spanish;Esperanto	Finnish	     1
fin;hun;epo	 3	TRUE	Finnish;Hungarian;Esperanto	Finnish	     1
fin;lav;epo	 3	TRUE	Finnish;Latvian;Esperanto	Finnish	     1
fin;fre;epo	 3	TRUE	Finnish;French;Esperanto	Finnish	     1
fin;ger;epo	 3	TRUE	Finnish;German;Esperanto	Finnish	     1
fin;ita;epo	 3	TRUE	Finnish;Italian;Esperanto	Finnish	     1
fin;jpn;epo	 3	TRUE	Finnish;Japanese;Esperanto	Finnish	     1
est;ger;swe	 3	TRUE	Estonian;German;Swedish	Estonian	     1
lat;ita;grc	 3	TRUE	Latin;Italian;Greek, Ancient (to 1453)	Latin	     1
lat;grc;ger;swe;heb	 5	TRUE	Latin;Greek, Ancient (to 1453);German;Swedish;Hebrew	Latin	     1
fin;eng;rus;jpn	 4	TRUE	Finnish;English;Russian;Japanese	Finnish	     1
fin;swe;eng;fre;est	 5	TRUE	Finnish;Swedish;English;French;Estonian	Finnish	     1
chi;eng;jpn	 3	TRUE	Chinese;English;Japanese	Chinese	     1
fin;swe;pol	 3	TRUE	Finnish;Swedish;Polish	Finnish	     1
swe;eng;chi	 3	TRUE	Swedish;English;Chinese	Swedish	     1
swe;nor;fao;kal;ice;dan	 6	TRUE	Swedish;Norwegian;Faroese;Kal창tdlisut;Icelandic;Danish	Swedish	     1
est;fre;ger	 3	TRUE	Estonian;French;German	Estonian	     1
fin;est;hun;ger	 4	TRUE	Finnish;Estonian;Hungarian;German	Finnish	     1
swe;eng;gre	 3	TRUE	Swedish;English;Greek, Modern (1453-)	Swedish	     1
rus;epo	 2	TRUE	Russian;Esperanto	Russian	     1
swe;rus;est	 3	TRUE	Swedish;Russian;Estonian	Swedish	     1
fin;dan;ice	 3	TRUE	Finnish;Danish;Icelandic	Finnish	     1
lat;fin;swe;eng	 4	TRUE	Latin;Finnish;Swedish;English	Latin	     1
fin;fre;swe;rus;ger	 5	TRUE	Finnish;French;Swedish;Russian;German	Finnish	     1
fin;lit;eng	 3	TRUE	Finnish;Lithuanian;English	Finnish	     1
fin;ger;eng;swe;rus;tha	 6	TRUE	Finnish;German;English;Swedish;Russian;Thai	Finnish	     1
ger;pol	 2	TRUE	German;Polish	German	     1
fin;fre;ara	 3	TRUE	Finnish;French;Arabic	Finnish	     1
fin;spa;cze	 3	TRUE	Finnish;Spanish;Czech	Finnish	     1
smn;fin	 2	TRUE	Inari Sami;Finnish	Inari Sami	     1
fin;uig	 2	TRUE	Finnish;Uighur	Finnish	     1
eng;jpn;rus	 3	TRUE	English;Japanese;Russian	English	     1
fin;smi;rom	 3	TRUE	Finnish;Sami;Romani	Finnish	     1
chv;swe;ger;rus	 4	TRUE	Chuvash;Swedish;German;Russian	Chuvash	     1
smi;smn;sms;sme;fin	 5	TRUE	Sami;Inari Sami;Skolt Sami;Northern Sami;Finnish	Sami	     1
chv	 1	FALSE	Chuvash	Chuvash	     1
ndo;eng	 2	TRUE	Ndonga;English	Ndonga	     1
afa;afr	 2	TRUE	Afroasiatic (Other);Afrikaans	Afroasiatic (Other)	     1
slo;fin	 2	TRUE	Slovak;Finnish	Slovak	     1
fre;fin;eng	 3	TRUE	French;Finnish;English	French	     1
fin;lat;eng;swe	 4	TRUE	Finnish;Latin;English;Swedish	Finnish	     1
eng;tur;fin	 3	TRUE	English;Turkish;Finnish	English	     1
eng;fin;swe;dan;nor	 5	TRUE	English;Finnish;Swedish;Danish;Norwegian	English	     1
fin;eng;swe;nor;dan	 5	TRUE	Finnish;English;Swedish;Norwegian;Danish	Finnish	     1
fil;tgl;fin	 3	TRUE	Filipino;Tagalog;Finnish	Filipino	     1
fin;eng;lav	 3	TRUE	Finnish;English;Latvian	Finnish	     1
nor;dan;swe;fin	 4	TRUE	Norwegian;Danish;Swedish;Finnish	Norwegian	     1
eng;ita;pol;fre;ger;rus	 6	TRUE	English;Italian;Polish;French;German;Russian	English	     1
fin;sme;eng	 3	TRUE	Finnish;Northern Sami;English	Finnish	     1
eng;spa;ita;jpn;por;fre;ger;rus	 8	TRUE	English;Spanish;Italian;Japanese;Portuguese;French;German;Russian	English	     1
fin;swe;eng;rus;spa;ita;heb;jpn;pol	 9	TRUE	Finnish;Swedish;English;Russian;Spanish;Italian;Hebrew;Japanese;Polish	Finnish	     1
fin;mdf	 2	TRUE	Finnish;Moksha	Finnish	     1
lat;fin;ger	 3	TRUE	Latin;Finnish;German	Latin	     1
lat;grc;eng;fre;heb	 5	TRUE	Latin;Greek, Ancient (to 1453);English;French;Hebrew	Latin	     1
lat;heb;grc;swe	 4	TRUE	Latin;Hebrew;Greek, Ancient (to 1453);Swedish	Latin	     1
ger;lat;fre;grc	 4	TRUE	German;Latin;French;Greek, Ancient (to 1453)	German	     1
fin;lat;swe;grc;ger;heb	 6	TRUE	Finnish;Latin;Swedish;Greek, Ancient (to 1453);German;Hebrew	Finnish	     1
eng;fin;spa	 3	TRUE	English;Finnish;Spanish	English	     1
tai;eng	 2	TRUE	Tai (Other);English	Tai (Other)	     1
ber	 1	FALSE	Berber (Other)	Berber (Other)	     1
fin;eng;epo;jpn	 4	TRUE	Finnish;English;Esperanto;Japanese	Finnish	     1
eng;fin;swe;nor;dan;dut	 6	TRUE	English;Finnish;Swedish;Norwegian;Danish;Dutch	English	     1
vot;fin;est;rus;eng	 5	TRUE	Votic;Finnish;Estonian;Russian;English	Votic	     1
fin;eng;est;rus;hun	 5	TRUE	Finnish;English;Estonian;Russian;Hungarian	Finnish	     1
eng;zap	 2	TRUE	English;Zapotec	English	     1
fin;eng;rus;fre;spa	 5	TRUE	Finnish;English;Russian;French;Spanish	Finnish	     1
fin;spa;gre;eng	 4	TRUE	Finnish;Spanish;Greek, Modern (1453-);English	Finnish	     1
eng;nep	 2	TRUE	English;Nepali	English	     1
fin;ger;nor;smi	 4	TRUE	Finnish;German;Norwegian;Sami	Finnish	     1
fin;por;eng	 3	TRUE	Finnish;Portuguese;English	Finnish	     1
ita;mul	 2	TRUE	Italian;Multiple languages	Italian	     1
fin;ice;eng	 3	TRUE	Finnish;Icelandic;English	Finnish	     1
